Order_ID,Customer_ID,Order_Date,Customer_County,Product_Category,Order_Value_KES,Payment_Method,Delivery_Method,Courier_Partner,Package_Weight_Kg,Shipping_Fee_KES,Transit_Time_Days,Fulfillment_Status,Customer_Rating
KE-10001,CUST-5327,,Mombasa ,Fashion & Apparel,22674.0,,Pickup Station,G4S,35kg,353,6.0,Cancelled,3.0
KE-10002,CUST-5414,2025-01-04,kiambu,Fashion & Apparel,11529.0,Cash on Delivery,Home Delivery,DHL,16.13,537,3.0,Delivered,5.0
KE-10003,CUST-5098,2025-12-27,Mombasa ,Health & Wellness,3809.0,m-pesa,Pickup Station,DHL,9.42,223,2.0,Delayed,4.0
KE-10004,CUST-5138,2025-11-24,Kiambu,Health & Wellness,1551.0,Credit/Debit Card,Smart Locker,G4S,22.97,619,2.0,Delivered,
KE-10005,CUST-5299,2025-08-08,Mombasa,Fashion & Apparel,3478.0,m-pesa,Boda Boda Last-Mile,Local Rider,2.32,629,,Returned,1.0
KE-10006,CUST-5349,2025-10-02,Kiambu,Groceries,606.0,Credit/Debit Card,Home Delivery,DHL,10.52,773,3.0,Cancelled,1.0
KE-10007,CUST-5306,2025-06-15,Kiambu,Health & Wellness,8346.0,M-Pesa,Home Delivery,Local Rider,26.83,636,2.0,Delayed,2.0
KE-10008,CUST-5475,2025-10-04,Kajiado,Beauty,14855.0,M-Pesa,Pickup Station,Local Rider,7.79,796,1.0,Delivered,5.0
KE-10009,CUST-5121,2025-05-23,nairobi,Home & Living,8462.0,M-Pesa,Smart Locker,Chui Lockers,14.45,205,6.0,Delivered,1.0
KE-10010,CUST-5127,2025-04-09,kiambu,Groceries,2970.0,M-Pesa,Home Delivery,Sendy,32.43,320,4.0,Delivered,2.0
KE-10011,CUST-5194,2025-01-02,Kisumu,Beauty,18711.0,m-pesa,Home Delivery,DHL,11.04,638,7.0,Cancelled,1.0
KE-10012,CUST-5435,2025-04-06,Mombasa,Home & Living,"KSh 19,981",M-Pesa,Smart Locker,Wells Fargo,7.23,394,2.0,Delivered,1.0
KE-10013,CUST-5004,2025-08-23,Nairobi County,Fashion & Apparel,4840.0,Cash on Delivery,Boda Boda Last-Mile,Local Rider,24.65,0,7.0,Delivered,2.0
KE-10014,CUST-5135,2025-03-01,nairobi,Home & Living,11735.0,COD,Home Delivery,Sendy,22.24,0,7.0,Delivered,
KE-10014,CUST-5226,2025-10-10,Nairobi County,Beauty,"KSh 18,377",Cash on Delivery,Pickup Station,Chui Lockers,4.55,190,2.0,Delivered,5.0
KE-10016,CUST-5452,2025-07-28,Mombasa,Health & Wellness,"KSh 14,010",Cash on Delivery,Boda Boda Last-Mile,DHL,30.26,423,6.0,Delayed,2.0
KE-10017,CUST-5102,2025-08-24,Mombasa,Beauty,11256.0,Cash on Delivery,Boda Boda Last-Mile,DHL,34.34,178,3.0,Delivered,1.0
KE-10018,CUST-5055,2025-11-02,Kiambu,Home & Living,19393.0,Credit/Debit Card,Pickup Station,Wells Fargo,15.15,488,6.0,Delivered,5.0
KE-10019,CUST-5158,2025-12-08,Mombasa ,Fashion & Apparel,12923.0,Cash on Delivery,Home Delivery,Wells Fargo,10.11,743,3.0,Delivered,5.0
KE-10020,CUST-5242,2025-03-28,Machakos,FASHION,8196.0,M-Pesa,Boda Boda Last-Mile,Local Rider,29.76,574,5.0,Delayed,4.0
KE-10021,CUST-5124,17/03/2025,Nairobi County,Fashion & Apparel,23303.0,M-Pesa,Boda Boda Last-Mile,DHL,18.64,474,4.0,Cancelled,4.0
KE-10022,CUST-5425,2025-10-08,Kisumu,Health & Wellness,21394.0,m-pesa,Home Delivery,DHL,10.07,477,1.0,Returned,2.0
KE-10023,CUST-5361,2025-04-20,Nakuru,Electronics,14267.0,M-Pesa,Boda Boda Last-Mile,Chui Lockers,0.31,549,7.0,Cancelled,5.0
KE-10024,CUST-5459,2025-04-23,,FASHION,13748.0,Credit/Debit Card,Boda Boda Last-Mile,Local Rider,35kg,588,4.0,Delivered,2.0
KE-10025,CUST-5232,2025-06-17,Mombasa ,Health & Wellness,3183.0,Cash on Delivery,Home Delivery,DHL,1.51,403,1.0,Delayed,
KE-10026,CUST-5058,2025-10-16,Mombasa ,Fashion & Apparel,24039.0,M-Pesa,Smart Locker,Local Rider,23.74,556,2.0,Returned,2.0
KE-10027,CUST-5052,2025-12-23,Uasin Gishu,Health & Wellness,1845.0,Credit/Debit Card,Home Delivery,Chui Lockers,28.8,520,7.0,Delivered,
KE-10028,CUST-5267,2025-11-30,Nakuru,Groceries,24454.0,M-Pesa,Boda Boda Last-Mile,G4S,26.29,538,4.0,Delivered,3.0
KE-10029,CUST-5408,2025-05-13,Kajiado,electrnics,6760.0,m-pesa,Boda Boda Last-Mile,Chui Lockers,27.77,376,2.0,Delayed,5.0
KE-10030,CUST-5271,2025-06-26,Kiambu,Groceries,8737.0,Credit/Debit Card,Pickup Station,G4S,7.65,753,5.0,Delivered,3.0
KE-10031,CUST-5116,04/07/2025,Nakuru,Electronics,18632.0,COD,Home Delivery,Local Rider,10.02,498,1.0,Delivered,1.0
KE-10032,CUST-5205,2025-09-09,Nairobi,Health & Wellness,10456.0,COD,Pickup Station,Local Rider,13.38,454,4.0,Cancelled,
KE-10033,CUST-5050,2025-04-17,Nairobi County,Fashion & Apparel,"KSh 5,629",COD,Boda Boda Last-Mile,Wells Fargo,1.24,439,4.0,Delivered,
KE-10034,CUST-5301,2025-12-05,Nairobi County,Beauty,9204.0,Cash on Delivery,Smart Locker,Chui Lockers,4.44,562,5.0,Cancelled,1.0
KE-10035,CUST-5455,2025-08-10,Nairobi,Beauty,19348.0,Cash on Delivery,Pickup Station,Chui Lockers,18.21,434,5.0,Delivered,4.0
KE-10036,CUST-5178,2025-07-29,nairobi,Beauty,22211.0,COD,Smart Locker,Wells Fargo,4.15,676,1.0,Delayed,1.0
KE-10037,CUST-5096,2025-09-23,Machakos,Electronics,18496.0,COD,Pickup Station,DHL,5.63,715,2.0,Delayed,1.0
KE-10038,CUST-5331,2025-03-20,Nakuru,Groceries,15973.0,Credit/Debit Card,Pickup Station,Sendy,9.74,574,7.0,Delivered,
KE-10039,CUST-5152,2025-10-28,nairobi,Groceries,18585.0,m-pesa,Pickup Station,Local Rider,13.47,0,6.0,Delayed,4.0
KE-10040,CUST-5339,2025-11-30,Nairobi,Home & Living,3788.0,,Pickup Station,Chui Lockers,30.5,226,3.0,Returned,1.0
KE-10041,CUST-5436,2025-06-18,kiambu,Beauty,16489.0,Cash on Delivery,Home Delivery,Chui Lockers,34.24,252,,Delivered,1.0
KE-10041,CUST-5150,2025-07-03,Nakuru,Beauty,6070.0,m-pesa,Pickup Station,G4S,16.19,411,7.0,Cancelled,2.0
KE-10043,CUST-5037,2025-08-15,Mombasa ,Groceries,15469.0,COD,Boda Boda Last-Mile,Local Rider,12.63,0,7.0,Cancelled,
KE-10044,CUST-5398,2025-01-26,Mombasa ,Fashion & Apparel,12044.0,m-pesa,Home Delivery,Wells Fargo,27.62,523,1.0,Delayed,2.0
KE-10045,CUST-5102,2025-03-09,Kiambu,FASHION,8920.0,Cash on Delivery,Smart Locker,Sendy,16.44,381,6.0,Cancelled,3.0
KE-10046,CUST-5046,,Nakuru,FASHION,22531.0,Cash on Delivery,Pickup Station,Chui Lockers,0.97,724,5.0,Delayed,
KE-10047,CUST-5154,2025-11-29,Nairobi,Groceries,8193.0,Credit/Debit Card,Pickup Station,Chui Lockers,22.96,780,3.0,Delayed,4.0
KE-10048,CUST-5486,2025-05-01,Machakos,Beauty,13546.0,COD,Pickup Station,DHL,22.42,201,2.0,Delivered,1.0
KE-10049,CUST-5424,2025-10-11,Mombasa,Fashion & Apparel,"KSh 20,029",m-pesa,Smart Locker,G4S,3.94,0,7.0,Delivered,2.0
KE-10050,CUST-5135,2025-01-27,Nairobi County,Groceries,12363.0,Credit/Debit Card,Smart Locker,Chui Lockers,22.55,640,4.0,Delayed,1.0
KE-10051,CUST-5460,2025-02-11,nairobi,Beauty,23835.0,COD,Boda Boda Last-Mile,Sendy,27.78,714,2.0,Delayed,3.0
KE-10052,CUST-5423,2025-08-21,Kiambu,Beauty,5501.0,M-Pesa,Home Delivery,DHL,25.88,719,5.0,Delayed,3.0
KE-10053,CUST-5447,2025-12-07,Kajiado,FASHION,12022.0,COD,Home Delivery,Wells Fargo,29.6,435,7.0,Cancelled,5.0
KE-10054,CUST-5345,2025-11-26,Machakos,FASHION,9454.0,M-Pesa,Pickup Station,Local Rider,23.04,798,1.0,Delayed,4.0
KE-10055,CUST-5174,2025-03-22,Uasin Gishu,Electronics,"KSh 20,745",M-Pesa,Boda Boda Last-Mile,Chui Lockers,21.29,370,1.0,Returned,
KE-10056,CUST-5303,2025-09-07,Mombasa,Home & Living,7198.0,Cash on Delivery,Home Delivery,Sendy,17.46,282,6.0,Returned,3.0
KE-10057,CUST-5036,2025-07-23,Nairobi,Electronics,19366.0,Cash on Delivery,Home Delivery,Wells Fargo,6.1,621,3.0,Delivered,4.0
KE-10058,CUST-5301,2025-07-25,Mombasa ,Fashion & Apparel,6009.0,m-pesa,Smart Locker,Wells Fargo,25.49,301,2.0,Delivered,
KE-10059,CUST-5038,2025-04-01,Kisumu,Health & Wellness,22819.0,Credit/Debit Card,Smart Locker,G4S,15.45,796,3.0,Delivered,3.0
KE-10060,CUST-5236,,Kiambu,Electronics,3458.0,Credit/Debit Card,Home Delivery,Chui Lockers,31.83,342,4.0,Delayed,1.0
KE-10061,CUST-5415,2025-06-25,Machakos,Fashion & Apparel,14898.0,Cash on Delivery,Smart Locker,DHL,20.97,492,1.0,Delivered,
KE-10062,CUST-5436,2025-12-03,nairobi,Home & Living,11962.0,m-pesa,Home Delivery,Wells Fargo,19.61,486,6.0,Returned,5.0
KE-10063,CUST-5047,2025-11-27,Nairobi,Fashion & Apparel,11697.0,m-pesa,Smart Locker,Sendy,17.82,0,3.0,Cancelled,4.0
KE-10064,CUST-5078,2025-03-25,Uasin Gishu,Fashion & Apparel,1931.0,COD,Boda Boda Last-Mile,G4S,18.74,630,2.0,Delayed,4.0
KE-10065,CUST-5393,2025-05-25,kiambu,Health & Wellness,20313.0,Cash on Delivery,Home Delivery,DHL,29.62,441,2.0,Delivered,4.0
KE-10066,CUST-5046,2025-04-24,Nairobi,Groceries,8225.0,Cash on Delivery,Smart Locker,G4S,4.9,633,2.0,Cancelled,1.0
KE-10067,CUST-5463,,Mombasa,Home & Living,20451.0,Cash on Delivery,Pickup Station,Chui Lockers,22.4,214,,Cancelled,5.0
KE-10068,CUST-5123,15/03/2025,Kiambu,Groceries,22396.0,Credit/Debit Card,Home Delivery,Chui Lockers,30.58,546,3.0,Delivered,3.0
KE-10069,CUST-5123,2025-12-03,Kajiado,Fashion & Apparel,18391.0,COD,Boda Boda Last-Mile,DHL,6.46,0,2.0,Delivered,3.0
KE-10070,CUST-5477,2025-06-08,Nakuru,Electronics,6762.0,Cash on Delivery,Smart Locker,Chui Lockers,31.14,545,2.0,Cancelled,3.0
KE-10071,CUST-5410,2025-02-12,Uasin Gishu,Fashion & Apparel,11025.0,COD,Boda Boda Last-Mile,G4S,24.17,193,3.0,Returned,1.0
KE-10072,CUST-5038,2025-12-10,Kajiado,Electronics,20408.0,m-pesa,Smart Locker,Wells Fargo,13.46,769,4.0,Delivered,5.0
KE-10073,CUST-5070,2025-09-29,Mombasa ,Electronics,6596.0,Cash on Delivery,Boda Boda Last-Mile,G4S,34.87,652,2.0,Returned,4.0
KE-10074,CUST-5044,2025-12-16,Machakos,Electronics,10014.0,m-pesa,Pickup Station,Sendy,34.48,392,1.0,Delayed,5.0
KE-10075,CUST-5066,2025-11-10,kiambu,Beauty,13960.0,Cash on Delivery,Boda Boda Last-Mile,Chui Lockers,23.84,714,2.0,Cancelled,1.0
KE-10076,CUST-5425,2025-03-05,nairobi,Beauty,17503.0,Credit/Debit Card,Smart Locker,Local Rider,18.72,322,5.0,Returned,5.0
KE-10077,CUST-5172,2025-10-16,Nairobi County,Beauty,9172.0,M-Pesa,Smart Locker,DHL,33.49,565,1.0,Delayed,4.0
KE-10078,CUST-5237,2025-04-15,Kajiado,Health & Wellness,13565.0,Cash on Delivery,Home Delivery,Wells Fargo,15.79,201,4.0,Delivered,3.0
KE-10079,CUST-5478,2025-10-23,nairobi,Home & Living,10610.0,COD,Pickup Station,Local Rider,12.42,656,7.0,Cancelled,1.0
KE-10080,CUST-5433,2025-02-25,Kajiado,Groceries,13626.0,Cash on Delivery,Boda Boda Last-Mile,Local Rider,9.86,775,1.0,Delivered,5.0
KE-10081,CUST-5480,2025-07-07,Nakuru,Electronics,4990.0,m-pesa,Pickup Station,Wells Fargo,32.6,552,6.0,Cancelled,5.0
KE-10082,CUST-5272,2025-09-08,Nairobi,Beauty,14149.0,M-Pesa,Smart Locker,DHL,27.42,741,1.0,Returned,
KE-10083,CUST-5317,2025-07-14,Nairobi,Beauty,1120.0,m-pesa,Boda Boda Last-Mile,DHL,25.49,681,3.0,Delayed,3.0
KE-10084,CUST-5489,2025-03-30,Nakuru,Health & Wellness,22806.0,m-pesa,Smart Locker,Local Rider,10.52,454,6.0,Delivered,4.0
KE-10085,CUST-5178,2025-10-14,Mombasa ,Home & Living,12941.0,m-pesa,Smart Locker,DHL,2.86,412,2.0,Cancelled,
KE-10086,CUST-5139,2025-03-12,Mombasa,Beauty,7894.0,COD,Pickup Station,Sendy,33.76,311,4.0,Delivered,3.0
KE-10087,CUST-5146,2025-11-27,Machakos,Home & Living,1722.0,m-pesa,Home Delivery,Chui Lockers,27.6,446,1.0,Delivered,3.0
KE-10088,CUST-5232,2025-11-25,nairobi,Groceries,4191.0,,Smart Locker,Wells Fargo,19.92,329,6.0,Cancelled,3.0
KE-10089,CUST-5044,2025-07-25,nairobi,electrnics,13068.0,Cash on Delivery,Home Delivery,Wells Fargo,22.91,213,4.0,Cancelled,
KE-10090,CUST-5394,2025-06-09,Mombasa ,Fashion & Apparel,4876.0,Cash on Delivery,Boda Boda Last-Mile,Local Rider,28.09,403,5.0,Delayed,5.0
KE-10091,CUST-5360,2025-07-05,Nairobi,Home & Living,18085.0,M-Pesa,Boda Boda Last-Mile,Sendy,31.47,206,5.0,Cancelled,4.0
KE-10092,CUST-5344,2025-06-07,Nairobi,Home & Living,14383.0,M-Pesa,Boda Boda Last-Mile,Sendy,10.12,288,6.0,Delayed,4.0
KE-10093,CUST-5445,2025-07-13,Machakos,Fashion & Apparel,11895.0,m-pesa,Pickup Station,Sendy,26.49,624,5.0,Delivered,2.0
KE-10094,CUST-5235,2025-06-27,Kajiado,Electronics,14237.0,m-pesa,Home Delivery,Local Rider,1.27,199,1.0,Delivered,1.0
KE-10095,CUST-5071,2025-09-15,Kajiado,Home & Living,22537.0,Credit/Debit Card,Smart Locker,Wells Fargo,2.23,329,4.0,Delivered,
KE-10096,CUST-5343,2025-07-15,kiambu,FASHION,18126.0,m-pesa,Home Delivery,Local Rider,14.5,692,2.0,Delivered,4.0
KE-10097,CUST-5433,2025-07-09,Mombasa,Groceries,"KSh 20,256",M-Pesa,Pickup Station,Chui Lockers,7.39,460,1.0,Returned,1.0
KE-10098,CUST-5382,2025-09-03,Kajiado,Fashion & Apparel,9775.0,Cash on Delivery,Boda Boda Last-Mile,Chui Lockers,3.54,630,3.0,Delayed,1.0
KE-10099,CUST-5288,24/04/2025,Nakuru,Home & Living,10172.0,m-pesa,Smart Locker,Wells Fargo,26.74,652,6.0,Returned,5.0
KE-10100,CUST-5250,2025-04-05,Machakos,Home & Living,2935.0,COD,Pickup Station,Sendy,35kg,667,1.0,Cancelled,4.0
KE-10101,CUST-5337,,Nakuru,electrnics,,COD,Pickup Station,Sendy,32.14,396,5.0,Delayed,1.0
KE-10102,CUST-5191,2025-07-27,Kajiado,Beauty,3141.0,M-Pesa,Boda Boda Last-Mile,Local Rider,16.71,325,7.0,Cancelled,1.0
KE-10103,CUST-5458,2025-09-28,Kajiado,Groceries,2936.0,M-Pesa,Smart Locker,Sendy,33.66,557,3.0,Delayed,
KE-10104,CUST-5459,2025-10-04,nairobi,Beauty,16909.0,m-pesa,Smart Locker,Local Rider,26.94,556,3.0,Delayed,4.0
KE-10104,CUST-5116,2025-07-02,nairobi,Beauty,20770.0,Cash on Delivery,Pickup Station,DHL,13.7,0,3.0,Delivered,2.0
KE-10106,CUST-5044,2025-04-06,Nakuru,Electronics,18660.0,,Boda Boda Last-Mile,Chui Lockers,27.29,722,2.0,Delayed,2.0
KE-10107,CUST-5071,2025-05-18,Nairobi County,FASHION,16367.0,COD,Pickup Station,Chui Lockers,3.83,555,5.0,Delayed,3.0
KE-10108,CUST-5220,2025-11-30,Kiambu,Beauty,10795.0,COD,Pickup Station,Wells Fargo,13.22,552,5.0,Delivered,
KE-10109,CUST-5393,,Kajiado,Beauty,10046.0,COD,Pickup Station,DHL,10.67,307,7.0,Cancelled,4.0
KE-10110,CUST-5298,2025-07-25,Kajiado,Electronics,12281.0,M-Pesa,Pickup Station,DHL,23.3,0,6.0,Delivered,4.0
KE-10111,CUST-5054,2025-01-06,Kajiado,Home & Living,7742.0,Credit/Debit Card,Pickup Station,Wells Fargo,34.92,452,1.0,Delivered,3.0
KE-10112,CUST-5159,2025-06-25,Kisumu,Electronics,23331.0,,Smart Locker,DHL,3.92,399,5.0,Delayed,2.0
KE-10113,CUST-5408,2025-07-27,Machakos,Electronics,,m-pesa,Home Delivery,Local Rider,3.65,341,2.0,Delayed,5.0
KE-10114,CUST-5494,2025-11-24,kiambu,FASHION,15503.0,Cash on Delivery,Home Delivery,DHL,4.77,462,3.0,Delayed,5.0
KE-10115,CUST-5070,2025-10-22,Machakos,Beauty,6176.0,Cash on Delivery,Home Delivery,Wells Fargo,33.32,349,5.0,Returned,4.0
KE-10116,CUST-5212,2025-12-30,Nairobi County,Health & Wellness,"KSh 10,071",m-pesa,Pickup Station,Chui Lockers,19.84,657,1.0,Cancelled,3.0
KE-10117,CUST-5277,2025-01-22,Mombasa,Electronics,21919.0,COD,Home Delivery,Chui Lockers,30.3,392,6.0,Returned,5.0
KE-10118,CUST-5323,2025-08-08,Mombasa,Health & Wellness,11995.0,Cash on Delivery,Smart Locker,Local Rider,34.49,247,7.0,Delivered,
KE-10119,CUST-5064,2025-12-26,Kajiado,Fashion & Apparel,22658.0,COD,Home Delivery,DHL,27.83,562,3.0,Delayed,4.0
KE-10120,CUST-5167,,Kajiado,Groceries,23348.0,m-pesa,Pickup Station,Chui Lockers,9.47,495,2.0,Delivered,
KE-10121,CUST-5390,2025-01-25,,Health & Wellness,"KSh 15,459",COD,Pickup Station,DHL,10.64,430,3.0,Returned,2.0
KE-10122,CUST-5026,2025-07-22,Mombasa,Electronics,535.0,Credit/Debit Card,Home Delivery,Sendy,24.38,582,4.0,Returned,1.0
KE-10123,CUST-5052,2025-06-10,kiambu,Health & Wellness,21523.0,M-Pesa,Pickup Station,Chui Lockers,12.36,305,5.0,Delivered,1.0
KE-10124,CUST-5071,2025-03-05,kiambu,Fashion & Apparel,21622.0,Credit/Debit Card,Home Delivery,DHL,30.67,771,6.0,Delivered,4.0
KE-10125,CUST-5197,2025-02-27,Nairobi County,Electronics,10870.0,Cash on Delivery,Pickup Station,Chui Lockers,33.41,167,,Delivered,4.0
KE-10126,CUST-5259,2025-05-27,kiambu,Groceries,18082.0,M-Pesa,Pickup Station,G4S,18.82,799,6.0,Returned,4.0
KE-10127,CUST-5373,2025-05-03,kiambu,Home & Living,10634.0,M-Pesa,Home Delivery,G4S,17.42,679,6.0,Returned,3.0
KE-10128,CUST-5375,2025-03-02,kiambu,Electronics,19395.0,M-Pesa,Pickup Station,Wells Fargo,5.59,737,1.0,Delivered,1.0
KE-10129,CUST-5125,2025-01-24,nairobi,Health & Wellness,23897.0,COD,Smart Locker,Wells Fargo,28.93,272,1.0,Delivered,4.0
KE-10130,CUST-5035,2025-08-27,Mombasa ,Home & Living,12588.0,Credit/Debit Card,Smart Locker,Local Rider,34.02,350,5.0,Delivered,4.0
KE-10131,CUST-5012,2025-04-30,Kajiado,electrnics,22038.0,m-pesa,Pickup Station,Chui Lockers,17.27,295,1.0,Cancelled,4.0
KE-10132,CUST-5358,2025-07-10,Uasin Gishu,Fashion & Apparel,13422.0,m-pesa,Smart Locker,Wells Fargo,32.42,484,3.0,Delivered,5.0
KE-10133,CUST-5055,2025-03-21,Kiambu,Home & Living,7303.0,M-Pesa,Smart Locker,DHL,24.42,485,6.0,Cancelled,1.0
KE-10134,CUST-5346,2025-06-03,Nairobi,Health & Wellness,18526.0,m-pesa,Home Delivery,G4S,4.66,531,6.0,Delivered,1.0
KE-10135,CUST-5033,2025-04-12,nairobi,Health & Wellness,11364.0,Credit/Debit Card,Boda Boda Last-Mile,Chui Lockers,1.13,326,2.0,Delivered,1.0
KE-10136,CUST-5314,2025-11-14,Kisumu,Home & Living,3374.0,Credit/Debit Card,Home Delivery,Chui Lockers,27.39,707,3.0,Delayed,3.0
KE-10137,CUST-5092,2025-01-14,Mombasa ,Groceries,19636.0,m-pesa,Home Delivery,G4S,20.19,547,7.0,Delivered,5.0
KE-10138,CUST-5162,2025-12-24,Kajiado,Home & Living,18951.0,COD,Pickup Station,Chui Lockers,1.42,766,5.0,Cancelled,2.0
KE-10139,CUST-5412,2025-03-08,Kiambu,Fashion & Apparel,5141.0,M-Pesa,Boda Boda Last-Mile,Local Rider,3.63,289,6.0,Delayed,
KE-10140,CUST-5162,2025-03-31,Uasin Gishu,Fashion & Apparel,6245.0,m-pesa,Boda Boda Last-Mile,Local Rider,1.23,776,5.0,Delivered,
KE-10141,CUST-5039,2025-05-02,Machakos,Electronics,22455.0,Cash on Delivery,Home Delivery,Wells Fargo,9.06,0,4.0,Delayed,4.0
KE-10142,CUST-5451,2025-07-13,Kisumu,Home & Living,23016.0,M-Pesa,Smart Locker,Wells Fargo,33.31,324,2.0,Delivered,3.0
KE-10143,CUST-5304,2025-11-11,kiambu,Fashion & Apparel,14727.0,m-pesa,Smart Locker,DHL,9.93,200,5.0,Delivered,1.0
KE-10144,CUST-5218,2025-02-14,Uasin Gishu,Electronics,6097.0,M-Pesa,Boda Boda Last-Mile,Chui Lockers,17.17,243,4.0,Delivered,2.0
KE-10145,CUST-5228,2025-01-23,Mombasa,Home & Living,23321.0,Credit/Debit Card,Pickup Station,Local Rider,2.23,685,5.0,Cancelled,2.0
KE-10146,CUST-5243,2025-06-03,Kajiado,Home & Living,19226.0,COD,Pickup Station,G4S,28.32,583,6.0,Returned,2.0
KE-10147,CUST-5427,2025-11-01,Nairobi County,Home & Living,11186.0,M-Pesa,Boda Boda Last-Mile,Sendy,14.56,752,1.0,Delivered,3.0
KE-10148,CUST-5444,2025-10-02,Mombasa ,Groceries,"KSh 16,000",Cash on Delivery,Boda Boda Last-Mile,Sendy,13.91,0,4.0,Delivered,3.0
KE-10149,CUST-5418,2025-06-05,Kajiado,Health & Wellness,10346.0,Cash on Delivery,Home Delivery,G4S,15.52,566,7.0,Delivered,5.0
KE-10150,CUST-5405,2025-03-23,kiambu,Health & Wellness,"KSh 19,134",m-pesa,Pickup Station,Sendy,8.81,519,3.0,Delayed,
KE-10151,CUST-5472,2025-03-05,Kisumu,Fashion & Apparel,16051.0,Cash on Delivery,Home Delivery,Wells Fargo,1.06,735,2.0,Returned,2.0
KE-10152,CUST-5137,2025-11-30,,Fashion & Apparel,20198.0,Cash on Delivery,Smart Locker,Chui Lockers,31.35,620,4.0,Cancelled,4.0
KE-10153,CUST-5299,,Machakos,Health & Wellness,21712.0,COD,Smart Locker,DHL,11.45,455,5.0,Cancelled,4.0
KE-10154,CUST-5338,2025-06-13,Machakos,FASHION,14215.0,Credit/Debit Card,Smart Locker,DHL,25.0,637,6.0,Delivered,
KE-10155,CUST-5448,2025-10-13,nairobi,Beauty,6498.0,m-pesa,Smart Locker,Chui Lockers,27.6,416,4.0,Returned,5.0
KE-10156,CUST-5297,2025-11-14,Nakuru,Beauty,10276.0,m-pesa,Boda Boda Last-Mile,G4S,11.14,232,6.0,Delivered,1.0
KE-10157,CUST-5231,2025-05-21,Uasin Gishu,Groceries,3384.0,COD,Boda Boda Last-Mile,Sendy,1.42,532,3.0,Delivered,
KE-10158,CUST-5002,2025-11-17,Kiambu,Electronics,19789.0,Cash on Delivery,Smart Locker,Chui Lockers,31.09,500,4.0,Delayed,1.0
KE-10159,CUST-5116,2025-04-25,,Home & Living,12512.0,Cash on Delivery,Home Delivery,Local Rider,34.81,0,1.0,Cancelled,3.0
KE-10160,CUST-5242,2025-12-26,,Groceries,22208.0,COD,Home Delivery,Local Rider,25.18,266,4.0,Delivered,5.0
KE-10161,CUST-5498,2025-04-14,nairobi,Groceries,,M-Pesa,Boda Boda Last-Mile,G4S,33.24,226,1.0,Delayed,3.0
KE-10162,CUST-5135,2025-08-26,Nairobi,FASHION,10746.0,,Pickup Station,DHL,22.69,598,3.0,Delivered,2.0
KE-10163,CUST-5058,2025-07-25,kiambu,Groceries,21761.0,M-Pesa,Pickup Station,Sendy,14.62,732,2.0,Cancelled,1.0
KE-10164,CUST-5441,2025-12-17,nairobi,Groceries,13976.0,M-Pesa,Pickup Station,DHL,30.57,783,6.0,Returned,
KE-10165,CUST-5328,2025-07-17,Uasin Gishu,Beauty,17066.0,M-Pesa,Smart Locker,G4S,11.65,669,6.0,Delivered,4.0
KE-10166,CUST-5227,2025-10-21,Kisumu,Groceries,1082.0,M-Pesa,Smart Locker,Local Rider,19.73,617,3.0,Delayed,3.0
KE-10167,CUST-5286,2025-11-14,Kiambu,Electronics,22091.0,Cash on Delivery,Smart Locker,DHL,3.81,654,6.0,Delivered,5.0
KE-10168,CUST-5100,2025-04-07,Mombasa,Health & Wellness,11573.0,Credit/Debit Card,Boda Boda Last-Mile,Chui Lockers,23.08,287,1.0,Delayed,5.0
KE-10169,CUST-5247,2025-09-18,Kajiado,Beauty,3893.0,Credit/Debit Card,Boda Boda Last-Mile,Local Rider,32.07,430,3.0,Delivered,2.0
KE-10170,CUST-5211,2025-11-05,Mombasa ,Home & Living,23826.0,m-pesa,Smart Locker,DHL,12.15,332,6.0,Delivered,5.0
KE-10171,CUST-5245,2025-10-26,kiambu,Health & Wellness,,m-pesa,Home Delivery,G4S,9.42,443,2.0,Delivered,2.0
KE-10172,CUST-5385,,Kisumu,Health & Wellness,18911.0,m-pesa,Smart Locker,DHL,23.29,546,7.0,Cancelled,1.0
KE-10173,CUST-5006,2025-05-09,Kisumu,Beauty,21721.0,m-pesa,Pickup Station,Wells Fargo,15.76,226,2.0,Delivered,4.0
KE-10174,CUST-5142,2025-10-12,,Groceries,"KSh 5,572",Cash on Delivery,Smart Locker,Chui Lockers,27.67,224,3.0,Cancelled,1.0
KE-10175,CUST-5402,2025-09-16,kiambu,Fashion & Apparel,22236.0,Credit/Debit Card,Home Delivery,Sendy,23.45,778,2.0,Delivered,4.0
KE-10176,CUST-5468,2025-02-28,,Home & Living,12786.0,Cash on Delivery,Pickup Station,Wells Fargo,18.03,321,,Delivered,2.0
KE-10177,CUST-5343,2025-11-19,kiambu,Fashion & Apparel,23527.0,M-Pesa,Pickup Station,Sendy,16.13,239,2.0,Cancelled,2.0
KE-10178,CUST-5466,2025-05-13,kiambu,Electronics,4376.0,Credit/Debit Card,Home Delivery,Wells Fargo,32.49,458,3.0,Delayed,
KE-10179,CUST-5015,2025-08-31,Kajiado,Health & Wellness,10165.0,Cash on Delivery,Home Delivery,Local Rider,30.63,0,5.0,Delivered,3.0
KE-10180,CUST-5107,2025-06-26,Nakuru,Fashion & Apparel,8781.0,M-Pesa,Boda Boda Last-Mile,DHL,19.28,218,2.0,Delivered,3.0
KE-10181,CUST-5065,2025-12-10,Uasin Gishu,Fashion & Apparel,15266.0,m-pesa,Smart Locker,Wells Fargo,33.56,470,2.0,Delivered,3.0
KE-10182,CUST-5068,2025-12-14,Kisumu,Health & Wellness,18577.0,Cash on Delivery,Pickup Station,Local Rider,6.96,791,1.0,Returned,1.0
KE-10183,CUST-5416,2025-10-25,Mombasa,Home & Living,18184.0,m-pesa,Smart Locker,G4S,16.32,556,1.0,Cancelled,
KE-10184,CUST-5084,2025-09-21,Uasin Gishu,Beauty,5290.0,m-pesa,Pickup Station,Sendy,9.33,361,7.0,Delayed,1.0
KE-10185,CUST-5020,2025-11-29,Nakuru,FASHION,9128.0,COD,Home Delivery,Local Rider,8.88,378,3.0,Delayed,5.0
KE-10186,CUST-5003,2025-09-14,Mombasa,Beauty,5423.0,M-Pesa,Boda Boda Last-Mile,Wells Fargo,25.24,640,5.0,Delivered,2.0
KE-10187,CUST-5022,2025-03-07,Machakos,Home & Living,5950.0,Credit/Debit Card,Home Delivery,DHL,25.51,237,5.0,Delivered,2.0
KE-10188,CUST-5425,2025-07-30,nairobi,Home & Living,24230.0,M-Pesa,Boda Boda Last-Mile,G4S,3.89,666,7.0,Delayed,5.0
KE-10189,CUST-5307,2025-01-20,Nairobi County,Beauty,-20274,COD,Smart Locker,Sendy,24.45,643,4.0,Returned,5.0
KE-10190,CUST-5050,2025-08-06,Mombasa,Electronics,18316.0,M-Pesa,Home Delivery,Local Rider,0.35,473,1.0,Delivered,3.0
KE-10191,CUST-5437,2025-10-02,Mombasa ,Groceries,14040.0,Credit/Debit Card,Smart Locker,Wells Fargo,20.26,557,7.0,Delivered,4.0
KE-10192,CUST-5400,2025-12-25,Nakuru,FASHION,20620.0,M-Pesa,Pickup Station,Chui Lockers,32.41,215,,Delayed,4.0
KE-10193,CUST-5314,2025-12-02,Uasin Gishu,Health & Wellness,-21481,Credit/Debit Card,Home Delivery,Local Rider,17.92,779,1.0,Delivered,1.0
KE-10194,CUST-5141,2025-07-24,Uasin Gishu,Electronics,2748.0,Credit/Debit Card,Smart Locker,Wells Fargo,33.72,770,4.0,Delivered,2.0
KE-10195,CUST-5208,2025-09-17,Mombasa ,Electronics,8944.0,COD,Boda Boda Last-Mile,G4S,26.54,619,5.0,Delivered,1.0
KE-10196,CUST-5195,2025-11-21,Kajiado,FASHION,-12070,Cash on Delivery,Home Delivery,Chui Lockers,23.61,227,2.0,Cancelled,3.0
KE-10197,CUST-5093,2025-12-16,Kajiado,Beauty,9196.0,Credit/Debit Card,Home Delivery,Sendy,32.21,654,7.0,Delayed,3.0
KE-10198,CUST-5317,2025-06-11,Uasin Gishu,Groceries,17248.0,M-Pesa,Boda Boda Last-Mile,Chui Lockers,32.89,505,6.0,Delivered,
KE-10199,CUST-5265,24/08/2025,Machakos,Home & Living,12348.0,m-pesa,Smart Locker,Wells Fargo,6.52,579,3.0,Delayed,2.0
KE-10200,CUST-5292,2025-03-09,Nairobi County,Health & Wellness,14662.0,m-pesa,Home Delivery,G4S,14.81,795,6.0,Delivered,5.0
KE-10201,CUST-5439,2025-10-18,nairobi,Health & Wellness,21139.0,Cash on Delivery,Smart Locker,Wells Fargo,0.79,770,5.0,Delivered,3.0
KE-10202,CUST-5166,2025-12-11,Kisumu,Groceries,15696.0,Cash on Delivery,Boda Boda Last-Mile,Sendy,2.86,471,3.0,Delayed,3.0
KE-10203,CUST-5454,2025-08-16,Kajiado,Groceries,6525.0,Cash on Delivery,Home Delivery,G4S,5.93,215,,Delayed,5.0
KE-10204,CUST-5391,2025-02-12,Nairobi County,Groceries,8606.0,Credit/Debit Card,Home Delivery,Sendy,23.26,483,4.0,Delivered,5.0
KE-10205,CUST-5227,2025-03-11,nairobi,Groceries,21335.0,Credit/Debit Card,Smart Locker,Chui Lockers,18.93,602,4.0,Delivered,5.0
KE-10206,CUST-5417,2025-03-11,Nairobi,Groceries,16132.0,Credit/Debit Card,Home Delivery,Local Rider,13.14,724,2.0,Delayed,4.0
KE-10207,CUST-5112,2025-05-15,Nakuru,Home & Living,22934.0,Cash on Delivery,Home Delivery,G4S,4.87,616,3.0,Delivered,1.0
KE-10208,CUST-5077,2025-01-26,Nairobi County,Fashion & Apparel,"KSh 24,325",M-Pesa,Boda Boda Last-Mile,G4S,12.03,660,,Delivered,2.0
KE-10209,CUST-5028,2025-05-17,Kisumu,Health & Wellness,13003.0,m-pesa,Boda Boda Last-Mile,G4S,25.84,621,1.0,Delayed,4.0
KE-10210,CUST-5348,2025-06-09,Kajiado,Home & Living,8800.0,M-Pesa,Pickup Station,Sendy,8.34,165,3.0,Delivered,1.0
KE-10211,CUST-5496,2025-01-22,Kajiado,FASHION,8650.0,M-Pesa,Pickup Station,DHL,18.82,649,5.0,Delayed,
KE-10212,CUST-5098,2025-01-11,nairobi,Electronics,14836.0,Credit/Debit Card,Smart Locker,Wells Fargo,25.66,763,5.0,Delayed,3.0
KE-10213,CUST-5419,2025-05-15,Machakos,Beauty,1113.0,Cash on Delivery,Boda Boda Last-Mile,G4S,18.39,714,3.0,Delivered,1.0
KE-10214,CUST-5267,2025-12-04,nairobi,Electronics,16404.0,COD,Smart Locker,Sendy,12.89,0,2.0,Delivered,4.0
KE-10215,CUST-5410,2025-11-24,kiambu,Health & Wellness,20715.0,Cash on Delivery,Pickup Station,Local Rider,3.49,694,2.0,Returned,2.0
KE-10216,CUST-5285,2025-10-13,Machakos,Beauty,22298.0,Credit/Debit Card,Smart Locker,DHL,5.62,603,3.0,Delivered,4.0
KE-10217,CUST-5391,2025-11-21,Uasin Gishu,Home & Living,18530.0,COD,Home Delivery,DHL,1.31,166,999.0,Delivered,2.0
KE-10218,CUST-5438,,Kajiado,Home & Living,19199.0,Cash on Delivery,Smart Locker,Wells Fargo,31.15,412,1.0,Delivered,
KE-10219,CUST-5039,2025-06-16,Kajiado,Health & Wellness,20004.0,COD,Home Delivery,Wells Fargo,12.24,576,1.0,Returned,5.0
KE-10220,CUST-5475,2025-01-06,Nairobi,Electronics,19011.0,M-Pesa,Boda Boda Last-Mile,Chui Lockers,26.37,242,3.0,Delivered,1.0
KE-10221,CUST-5243,2025-10-20,Mombasa ,Home & Living,23367.0,COD,Pickup Station,Local Rider,21.6,402,3.0,Cancelled,1.0
KE-10222,CUST-5057,2025-12-10,Mombasa,Home & Living,10488.0,COD,Boda Boda Last-Mile,Sendy,32.36,532,6.0,Delivered,2.0
KE-10223,CUST-5485,2025-11-14,,Beauty,10498.0,Credit/Debit Card,Smart Locker,Local Rider,16.96,294,999.0,Cancelled,
KE-10224,CUST-5269,2025-01-23,Mombasa,Home & Living,-15735,COD,Smart Locker,Sendy,0.77,545,4.0,Delivered,4.0
KE-10225,CUST-5443,2025-11-02,Nakuru,Home & Living,"KSh 1,204",Credit/Debit Card,Boda Boda Last-Mile,Chui Lockers,35kg,510,3.0,Cancelled,3.0
KE-10226,CUST-5415,2025-02-01,Nairobi,FASHION,11699.0,COD,Pickup Station,Chui Lockers,8.49,469,3.0,Returned,2.0
KE-10227,CUST-5297,2025-10-05,nairobi,Beauty,4931.0,Credit/Debit Card,Smart Locker,Sendy,19.55,271,7.0,Delivered,4.0
KE-10228,CUST-5492,2025-07-30,Machakos,FASHION,6658.0,Credit/Debit Card,Pickup Station,Local Rider,8.2,517,7.0,Cancelled,4.0
KE-10229,CUST-5364,2025-11-29,Kisumu,Fashion & Apparel,1556.0,COD,Pickup Station,G4S,2.41,599,4.0,Delivered,4.0
KE-10230,CUST-5207,2025-01-22,Kajiado,Home & Living,19241.0,M-Pesa,Boda Boda Last-Mile,Chui Lockers,28.96,401,,Delayed,5.0
KE-10231,CUST-5391,2025-11-19,Kisumu,FASHION,9868.0,M-Pesa,Pickup Station,Chui Lockers,29.06,662,7.0,Cancelled,2.0
KE-10232,CUST-5201,2025-07-31,Kisumu,Beauty,15399.0,m-pesa,Home Delivery,Sendy,4.08,521,6.0,Cancelled,5.0
KE-10233,CUST-5486,2025-03-23,nairobi,Home & Living,5418.0,M-Pesa,Smart Locker,DHL,26.93,791,,Delivered,1.0
KE-10234,CUST-5234,2025-09-12,Nairobi,Groceries,19795.0,Credit/Debit Card,Pickup Station,Local Rider,9.81,0,2.0,Delivered,1.0
KE-10235,CUST-5341,2025-10-23,Nairobi County,Groceries,5786.0,Credit/Debit Card,Pickup Station,Chui Lockers,26.25,186,3.0,Delivered,4.0
KE-10236,CUST-5431,2025-10-09,Nairobi County,FASHION,14058.0,M-Pesa,Home Delivery,Chui Lockers,25.37,444,7.0,Cancelled,3.0
KE-10237,CUST-5474,2025-03-08,Kajiado,Groceries,20469.0,,Home Delivery,DHL,29.7,574,3.0,Delivered,1.0
KE-10238,CUST-5327,2025-04-14,Nairobi County,Home & Living,700.0,Credit/Debit Card,Home Delivery,G4S,6.87,640,7.0,Delivered,
KE-10239,CUST-5235,2025-10-02,kiambu,Electronics,10308.0,M-Pesa,Smart Locker,Wells Fargo,2.41,181,4.0,Cancelled,5.0
KE-10240,CUST-5199,2025-04-06,Mombasa ,FASHION,9396.0,COD,Smart Locker,G4S,18.43,533,7.0,Cancelled,1.0
KE-10241,CUST-5409,2025-09-05,Kiambu,Beauty,10669.0,Credit/Debit Card,Pickup Station,G4S,25.39,684,3.0,Cancelled,1.0
KE-10242,CUST-5170,2025-08-28,Machakos,Electronics,10728.0,Cash on Delivery,Smart Locker,Chui Lockers,23.52,311,1.0,Delivered,2.0
KE-10243,CUST-5277,2025-06-29,Kajiado,Home & Living,2834.0,M-Pesa,Boda Boda Last-Mile,DHL,1.86,238,2.0,Returned,
KE-10244,CUST-5358,2025-08-17,Mombasa,Beauty,3073.0,m-pesa,Boda Boda Last-Mile,Sendy,16.0,626,2.0,Delivered,3.0
KE-10245,CUST-5200,2025-04-04,Kiambu,Electronics,4199.0,Cash on Delivery,Pickup Station,Local Rider,3.69,259,6.0,Delayed,4.0
KE-10246,CUST-5302,2025-07-31,nairobi,Groceries,7323.0,COD,Smart Locker,Local Rider,24.33,229,6.0,Cancelled,5.0
KE-10247,CUST-5237,2025-06-16,nairobi,Groceries,4063.0,Cash on Delivery,Home Delivery,Sendy,7.69,744,6.0,Returned,2.0
KE-10248,CUST-5231,2025-09-30,Kisumu,Beauty,10321.0,COD,Smart Locker,Sendy,20.44,672,2.0,Cancelled,1.0
KE-10249,CUST-5000,2025-12-27,Nairobi County,Health & Wellness,14646.0,COD,Boda Boda Last-Mile,Local Rider,7.47,292,4.0,Delayed,2.0
KE-10250,CUST-5147,10/12/2025,,Beauty,22058.0,COD,Boda Boda Last-Mile,Local Rider,6.37,715,4.0,Cancelled,1.0
KE-10251,CUST-5295,2025-09-13,Nakuru,Home & Living,1596.0,M-Pesa,Home Delivery,G4S,25.58,436,1.0,Delivered,4.0
KE-10252,CUST-5322,2025-12-06,Machakos,Home & Living,,COD,Boda Boda Last-Mile,Local Rider,25.71,451,1.0,Delivered,
KE-10253,CUST-5401,2025-10-16,Uasin Gishu,Electronics,10060.0,M-Pesa,Home Delivery,Wells Fargo,8.9,431,1.0,Cancelled,
KE-10254,CUST-5077,2025-12-04,Mombasa ,Fashion & Apparel,17781.0,m-pesa,Pickup Station,Chui Lockers,26.37,542,4.0,Cancelled,
KE-10255,CUST-5431,2025-06-26,Nairobi County,Groceries,10375.0,m-pesa,Boda Boda Last-Mile,Chui Lockers,9.27,0,7.0,Cancelled,
KE-10256,CUST-5489,2025-01-22,Kiambu,Groceries,21866.0,M-Pesa,Boda Boda Last-Mile,Chui Lockers,27.08,752,5.0,Delivered,3.0
KE-10257,CUST-5280,2025-01-06,Nairobi,Home & Living,15112.0,,Home Delivery,Sendy,32.85,372,6.0,Delivered,5.0
KE-10258,CUST-5066,2025-07-12,Uasin Gishu,Fashion & Apparel,23295.0,M-Pesa,Smart Locker,Chui Lockers,24.26,481,7.0,Delayed,4.0
KE-10259,CUST-5170,2025-01-31,nairobi,Groceries,7075.0,m-pesa,Boda Boda Last-Mile,G4S,21.53,602,1.0,Returned,3.0
KE-10260,CUST-5397,,Kisumu,electrnics,1739.0,COD,Boda Boda Last-Mile,Chui Lockers,15.32,221,1.0,Delayed,1.0
KE-10261,CUST-5290,2025-10-02,Machakos,Electronics,21703.0,M-Pesa,Smart Locker,DHL,7.19,543,3.0,Returned,
KE-10262,CUST-5183,2025-09-07,Kajiado,Electronics,24084.0,Credit/Debit Card,Boda Boda Last-Mile,Local Rider,33.78,0,1.0,Delayed,1.0
KE-10263,CUST-5108,2025-12-01,Machakos,Home & Living,19484.0,COD,Boda Boda Last-Mile,Local Rider,1.7,0,6.0,Delivered,4.0
KE-10264,CUST-5312,2025-03-29,Nairobi County,Home & Living,7727.0,COD,Pickup Station,Wells Fargo,29.29,196,3.0,Delayed,2.0
KE-10265,CUST-5356,2025-07-09,Uasin Gishu,Electronics,,COD,Home Delivery,G4S,32.42,757,4.0,Delayed,
KE-10266,CUST-5064,2025-04-16,Kisumu,Fashion & Apparel,1732.0,M-Pesa,Smart Locker,Wells Fargo,14.72,346,5.0,Cancelled,5.0
KE-10267,CUST-5112,2025-08-26,Mombasa ,Electronics,22954.0,m-pesa,Home Delivery,Sendy,22.61,595,5.0,Delivered,1.0
KE-10268,CUST-5379,2025-01-27,Nairobi,Electronics,8210.0,m-pesa,Smart Locker,G4S,27.29,250,4.0,Delivered,1.0
KE-10269,CUST-5241,2025-10-27,nairobi,Home & Living,13192.0,Cash on Delivery,Pickup Station,Wells Fargo,4.54,211,1.0,Delivered,3.0
KE-10270,CUST-5112,2025-06-01,Machakos,Fashion & Apparel,18612.0,COD,Pickup Station,Local Rider,16.62,164,6.0,Delayed,5.0
KE-10271,CUST-5113,2025-10-30,Nairobi,Electronics,15922.0,COD,Home Delivery,Chui Lockers,17.39,162,4.0,Delivered,2.0
KE-10272,CUST-5331,,Machakos,Beauty,19190.0,m-pesa,Boda Boda Last-Mile,G4S,27.67,625,1.0,Returned,3.0
KE-10273,CUST-5271,2025-01-17,Kajiado,Home & Living,7287.0,M-Pesa,Smart Locker,Sendy,3.97,0,3.0,Delivered,5.0
KE-10274,CUST-5363,2025-04-15,Nakuru,Groceries,19509.0,m-pesa,Smart Locker,Local Rider,23.84,214,4.0,Delivered,4.0
KE-10275,CUST-5363,2025-09-30,Mombasa ,FASHION,23215.0,COD,Boda Boda Last-Mile,G4S,10.16,261,1.0,Delivered,5.0
KE-10276,CUST-5487,,kiambu,Home & Living,16028.0,Cash on Delivery,Home Delivery,G4S,29.24,493,3.0,Delayed,5.0
KE-10277,CUST-5340,2025-12-23,Kisumu,Fashion & Apparel,10543.0,Cash on Delivery,Home Delivery,G4S,12.42,320,2.0,Delivered,
KE-10278,CUST-5354,2025-12-08,Nairobi County,FASHION,14947.0,M-Pesa,Smart Locker,G4S,13.11,316,1.0,Delayed,2.0
KE-10279,CUST-5485,2025-08-23,Kajiado,Home & Living,23616.0,Credit/Debit Card,Boda Boda Last-Mile,Wells Fargo,24.15,191,,Cancelled,2.0
KE-10280,CUST-5228,2025-07-02,Machakos,Home & Living,9607.0,M-Pesa,Boda Boda Last-Mile,G4S,17.22,673,6.0,Delayed,3.0
KE-10281,CUST-5197,,Kiambu,Groceries,3370.0,COD,Smart Locker,G4S,28.22,584,4.0,Delivered,2.0
KE-10282,CUST-5106,2025-06-05,Kiambu,Home & Living,"KSh 3,398",Cash on Delivery,Boda Boda Last-Mile,DHL,19.92,354,4.0,Delivered,5.0
KE-10283,CUST-5155,2025-09-10,Nairobi,Fashion & Apparel,21489.0,Cash on Delivery,Boda Boda Last-Mile,DHL,35kg,433,1.0,Delayed,5.0
KE-10284,CUST-5223,2025-05-13,Kajiado,FASHION,"KSh 19,350",Cash on Delivery,Home Delivery,G4S,11.26,288,1.0,Delivered,1.0
KE-10285,CUST-5148,2025-05-30,Nakuru,Beauty,3596.0,Cash on Delivery,Smart Locker,Wells Fargo,24.02,248,,Cancelled,3.0
KE-10286,CUST-5190,2025-09-06,nairobi,Fashion & Apparel,6674.0,Credit/Debit Card,Home Delivery,Chui Lockers,16.17,284,4.0,Delivered,4.0
KE-10287,CUST-5455,2025-11-02,nairobi,Electronics,4386.0,m-pesa,Pickup Station,G4S,34.34,264,7.0,Delivered,1.0
KE-10288,CUST-5016,2025-12-04,Nairobi County,Electronics,"KSh 22,375",M-Pesa,Pickup Station,Local Rider,31.55,0,2.0,Cancelled,3.0
KE-10289,CUST-5180,2025-03-24,Uasin Gishu,Home & Living,19444.0,Cash on Delivery,Home Delivery,DHL,3.54,666,4.0,Delayed,
KE-10290,CUST-5490,2025-02-24,kiambu,Home & Living,4197.0,Credit/Debit Card,Smart Locker,DHL,10.16,234,1.0,Returned,3.0
KE-10291,CUST-5351,2025-08-16,kiambu,Electronics,,COD,Boda Boda Last-Mile,Chui Lockers,18.34,272,4.0,Returned,2.0
KE-10292,CUST-5033,2025-07-06,Uasin Gishu,Groceries,14416.0,Credit/Debit Card,Boda Boda Last-Mile,Wells Fargo,16.71,564,5.0,Delivered,1.0
KE-10293,CUST-5128,2025-09-08,,Beauty,2735.0,Credit/Debit Card,Pickup Station,Wells Fargo,21.81,228,5.0,Delivered,3.0
KE-10294,CUST-5338,2025-09-12,Kiambu,Home & Living,1535.0,COD,Boda Boda Last-Mile,Chui Lockers,16.14,720,7.0,Delayed,4.0
KE-10295,CUST-5068,2025-06-09,Nairobi County,Groceries,22958.0,m-pesa,Boda Boda Last-Mile,Wells Fargo,17.36,781,7.0,Delivered,5.0
KE-10296,CUST-5023,2025-03-07,Kajiado,Health & Wellness,11682.0,COD,Pickup Station,G4S,8.29,236,1.0,Delivered,1.0
KE-10297,CUST-5275,,Machakos,Home & Living,14300.0,Cash on Delivery,Boda Boda Last-Mile,Wells Fargo,20.08,252,2.0,Returned,3.0
KE-10298,CUST-5085,2025-11-11,Mombasa,Health & Wellness,2968.0,M-Pesa,Boda Boda Last-Mile,G4S,21.9,742,3.0,Cancelled,4.0
KE-10299,CUST-5218,2025-04-18,Mombasa ,FASHION,18193.0,Credit/Debit Card,Pickup Station,Sendy,22.01,341,2.0,Delayed,3.0
KE-10300,CUST-5479,2025-11-23,kiambu,Beauty,17613.0,Cash on Delivery,Boda Boda Last-Mile,Wells Fargo,30.12,799,4.0,Delivered,3.0
KE-10301,CUST-5351,2025-11-04,nairobi,Fashion & Apparel,10675.0,M-Pesa,Smart Locker,G4S,1.12,434,2.0,Returned,4.0
KE-10302,CUST-5400,2025-01-11,Kiambu,Health & Wellness,13836.0,COD,Pickup Station,G4S,4.01,273,7.0,Cancelled,3.0
KE-10303,CUST-5254,2025-02-16,Kiambu,Home & Living,24878.0,m-pesa,Smart Locker,Chui Lockers,14.35,207,3.0,Cancelled,4.0
KE-10304,CUST-5243,2025-12-16,nairobi,Beauty,"KSh 10,598",,Home Delivery,DHL,32.12,409,3.0,Returned,1.0
KE-10305,CUST-5273,2025-05-02,kiambu,FASHION,8215.0,COD,Boda Boda Last-Mile,Sendy,9.66,653,4.0,Delayed,1.0
KE-10306,CUST-5422,2025-03-24,Kiambu,Beauty,24675.0,m-pesa,Pickup Station,Sendy,14.08,471,1.0,Returned,2.0
KE-10307,CUST-5433,2025-11-01,Kiambu,Health & Wellness,9041.0,Cash on Delivery,Boda Boda Last-Mile,Wells Fargo,6.45,734,1.0,Returned,2.0
KE-10308,CUST-5464,2025-02-15,Kajiado,Electronics,14554.0,m-pesa,Home Delivery,Sendy,25.18,614,4.0,Delivered,3.0
KE-10309,CUST-5147,2025-09-11,Mombasa,Health & Wellness,22690.0,M-Pesa,Smart Locker,G4S,21.66,528,,Delivered,3.0
KE-10310,CUST-5498,2025-12-21,kiambu,Beauty,2893.0,m-pesa,Smart Locker,Local Rider,32.88,762,7.0,Cancelled,4.0
KE-10311,CUST-5154,2025-07-22,Nakuru,Fashion & Apparel,17006.0,M-Pesa,Boda Boda Last-Mile,G4S,9.19,280,7.0,Delayed,3.0
KE-10311,CUST-5462,2025-05-15,Mombasa ,Groceries,10839.0,Credit/Debit Card,Boda Boda Last-Mile,Sendy,6.69,0,3.0,Delivered,4.0
KE-10313,CUST-5020,2025-08-15,Kisumu,Electronics,5351.0,m-pesa,Smart Locker,Local Rider,31.19,747,1.0,Delayed,1.0
KE-10314,CUST-5126,2025-09-13,Nairobi,Beauty,12740.0,,Boda Boda Last-Mile,DHL,23.12,425,1.0,Cancelled,4.0
KE-10315,CUST-5166,2025-10-19,Machakos,Health & Wellness,2817.0,Cash on Delivery,Boda Boda Last-Mile,Sendy,0.82,547,3.0,Delivered,1.0
KE-10316,CUST-5152,2025-09-09,Mombasa ,Home & Living,22307.0,COD,Boda Boda Last-Mile,Wells Fargo,19.75,582,5.0,Delivered,1.0
KE-10317,CUST-5262,2025-06-24,Machakos,Fashion & Apparel,17777.0,COD,Boda Boda Last-Mile,Wells Fargo,5.29,457,5.0,Cancelled,1.0
KE-10318,CUST-5469,2025-01-24,kiambu,Beauty,8802.0,M-Pesa,Boda Boda Last-Mile,G4S,27.54,196,6.0,Delayed,
KE-10319,CUST-5230,2025-11-16,nairobi,Electronics,20293.0,,Home Delivery,Sendy,6.09,564,6.0,Cancelled,5.0
KE-10320,CUST-5184,2025-12-20,kiambu,Electronics,954.0,m-pesa,Pickup Station,Chui Lockers,22.74,596,7.0,Delivered,4.0
KE-10321,CUST-5075,2025-08-31,nairobi,Groceries,"KSh 15,949",COD,Pickup Station,Wells Fargo,19.97,202,1.0,Delayed,4.0
KE-10322,CUST-5377,2025-10-24,Mombasa ,Groceries,19867.0,COD,Home Delivery,Local Rider,0.76,716,6.0,Delayed,5.0
KE-10323,CUST-5480,2025-11-27,Nairobi,Beauty,11767.0,Cash on Delivery,Boda Boda Last-Mile,G4S,30.92,549,7.0,Delivered,4.0
KE-10324,CUST-5409,2025-03-24,Kajiado,Groceries,7036.0,COD,Pickup Station,Local Rider,35kg,417,2.0,Cancelled,1.0
KE-10325,CUST-5413,2025-02-02,Mombasa,Fashion & Apparel,11651.0,Credit/Debit Card,Pickup Station,DHL,30.59,256,4.0,Delivered,1.0
KE-10326,CUST-5400,2025-11-09,Nairobi County,Electronics,5973.0,m-pesa,Boda Boda Last-Mile,Local Rider,17.49,307,3.0,Delivered,4.0
KE-10327,CUST-5496,01/08/2025,Kisumu,Home & Living,9216.0,m-pesa,Boda Boda Last-Mile,G4S,4.92,569,7.0,Delivered,4.0
KE-10328,CUST-5074,2025-01-06,Nairobi County,FASHION,5884.0,m-pesa,Home Delivery,DHL,34.3,682,4.0,Cancelled,3.0
KE-10329,CUST-5369,10/06/2025,Mombasa ,Home & Living,23447.0,Credit/Debit Card,Boda Boda Last-Mile,DHL,12.15,564,3.0,Delayed,
KE-10330,CUST-5368,2025-03-06,Mombasa,Home & Living,,Credit/Debit Card,Pickup Station,Wells Fargo,25.46,263,7.0,Delivered,1.0
KE-10331,CUST-5024,2025-11-30,Uasin Gishu,Groceries,8236.0,Credit/Debit Card,Pickup Station,Wells Fargo,10.54,736,6.0,Delivered,3.0
KE-10332,CUST-5264,2025-10-26,Kisumu,Beauty,14002.0,COD,Home Delivery,Wells Fargo,23.72,722,4.0,Returned,4.0
KE-10333,CUST-5225,2025-12-19,kiambu,Fashion & Apparel,16384.0,Credit/Debit Card,Pickup Station,Chui Lockers,16.62,722,1.0,Delivered,3.0
KE-10334,CUST-5292,2025-05-29,Kiambu,FASHION,"KSh 16,422",m-pesa,Boda Boda Last-Mile,Sendy,32.8,440,,Cancelled,3.0
KE-10335,CUST-5034,2025-01-23,Uasin Gishu,FASHION,16072.0,m-pesa,Boda Boda Last-Mile,Chui Lockers,23.39,483,5.0,Delivered,4.0
KE-10336,CUST-5173,2025-10-04,Kisumu,Beauty,5926.0,Cash on Delivery,Home Delivery,DHL,19.62,783,7.0,Delivered,4.0
KE-10337,CUST-5257,2025-01-10,nairobi,FASHION,8537.0,M-Pesa,Smart Locker,Chui Lockers,20.65,173,2.0,Delivered,4.0
KE-10338,CUST-5131,2025-02-16,nairobi,Fashion & Apparel,3436.0,M-Pesa,Smart Locker,G4S,1.05,549,2.0,Delayed,1.0
KE-10339,CUST-5026,2025-04-14,Mombasa,Health & Wellness,4270.0,M-Pesa,Boda Boda Last-Mile,DHL,8.26,425,5.0,Cancelled,
KE-10340,CUST-5402,2025-03-06,Nairobi County,Home & Living,5165.0,Credit/Debit Card,Boda Boda Last-Mile,Sendy,0.13,785,999.0,Delayed,3.0
KE-10341,CUST-5306,2025-05-09,Kiambu,Fashion & Apparel,17222.0,M-Pesa,Boda Boda Last-Mile,DHL,4.39,719,4.0,Delivered,
KE-10342,CUST-5484,2025-06-25,Kajiado,Fashion & Apparel,11039.0,M-Pesa,Pickup Station,DHL,32.29,154,6.0,Returned,
KE-10343,CUST-5250,2025-07-21,Machakos,Home & Living,22507.0,COD,Smart Locker,Chui Lockers,6.28,158,3.0,Delivered,
KE-10344,CUST-5010,2025-05-24,Mombasa,Home & Living,24021.0,M-Pesa,Pickup Station,Sendy,6.94,555,3.0,Cancelled,2.0
KE-10345,CUST-5337,2025-10-17,nairobi,Fashion & Apparel,4675.0,Credit/Debit Card,Smart Locker,G4S,35kg,695,6.0,Delayed,
KE-10346,CUST-5344,2025-11-29,kiambu,Groceries,22787.0,M-Pesa,Pickup Station,Sendy,9.8,609,4.0,Cancelled,1.0
KE-10347,CUST-5377,2025-04-26,Nairobi County,Fashion & Apparel,,COD,Smart Locker,Wells Fargo,8.73,498,7.0,Delivered,5.0
KE-10348,CUST-5317,2025-08-13,Uasin Gishu,Electronics,12866.0,m-pesa,Boda Boda Last-Mile,Sendy,10.62,217,1.0,Delayed,4.0
KE-10349,CUST-5049,2025-11-13,Uasin Gishu,electrnics,13080.0,M-Pesa,Home Delivery,Chui Lockers,18.15,260,5.0,Delivered,5.0
KE-10350,CUST-5064,2025-11-23,Kisumu,Groceries,5011.0,COD,Smart Locker,Wells Fargo,20.47,299,3.0,Delivered,5.0
KE-10351,CUST-5300,2025-12-03,Nakuru,Home & Living,14330.0,m-pesa,Smart Locker,G4S,23.41,628,3.0,Delivered,5.0
KE-10352,CUST-5153,2025-08-03,Nairobi,Electronics,23215.0,Cash on Delivery,Boda Boda Last-Mile,G4S,14.07,156,1.0,Delivered,3.0
KE-10353,CUST-5225,2025-04-10,Kiambu,Electronics,9809.0,Cash on Delivery,Pickup Station,G4S,6.94,418,1.0,Returned,1.0
KE-10354,CUST-5173,2025-04-18,Kiambu,Home & Living,20921.0,m-pesa,Pickup Station,G4S,6.79,533,4.0,Delivered,5.0
KE-10355,CUST-5300,2025-04-07,nairobi,Electronics,9677.0,COD,Home Delivery,Chui Lockers,27.71,321,7.0,Delivered,4.0
KE-10356,CUST-5265,2025-08-26,Nakuru,Beauty,16024.0,Credit/Debit Card,Pickup Station,G4S,31.33,390,3.0,Delivered,3.0
KE-10357,CUST-5130,2025-10-09,Mombasa ,FASHION,1848.0,COD,Smart Locker,Chui Lockers,11.16,333,3.0,Delivered,3.0
KE-10358,CUST-5431,2025-09-14,Mombasa ,Electronics,"KSh 12,304",m-pesa,Smart Locker,Wells Fargo,10.66,431,5.0,Returned,
KE-10359,CUST-5278,,Mombasa ,FASHION,13732.0,M-Pesa,Pickup Station,Chui Lockers,8.04,364,5.0,Delayed,
KE-10360,CUST-5416,2025-08-25,Mombasa,Beauty,14874.0,Credit/Debit Card,Smart Locker,DHL,0.44,513,4.0,Returned,5.0
KE-10361,CUST-5153,2025-06-16,Nairobi,Fashion & Apparel,11321.0,Credit/Debit Card,Boda Boda Last-Mile,G4S,33.21,545,1.0,Returned,3.0
KE-10362,CUST-5047,2025-03-29,Nairobi,Home & Living,6617.0,m-pesa,Home Delivery,Chui Lockers,2.11,325,4.0,Delivered,5.0
KE-10363,CUST-5214,2025-09-02,Mombasa,Fashion & Apparel,23754.0,Cash on Delivery,Boda Boda Last-Mile,Wells Fargo,7.14,606,4.0,Delivered,5.0
KE-10364,CUST-5450,2025-09-09,Kajiado,Beauty,15452.0,COD,Pickup Station,Chui Lockers,8.79,592,6.0,Delayed,
KE-10365,CUST-5484,2025-01-23,Mombasa ,Home & Living,2687.0,COD,Home Delivery,Wells Fargo,2.77,483,2.0,Delayed,1.0
KE-10366,CUST-5037,2025-11-24,kiambu,Groceries,"KSh 13,498",Cash on Delivery,Pickup Station,Wells Fargo,23.49,622,5.0,Delayed,2.0
KE-10367,CUST-5241,2025-05-23,Nairobi,Fashion & Apparel,18019.0,M-Pesa,Pickup Station,Chui Lockers,12.6,185,5.0,Returned,5.0
KE-10368,CUST-5328,2025-12-06,kiambu,Groceries,KSh 652,COD,Pickup Station,Wells Fargo,31.82,166,1.0,Returned,1.0
KE-10369,CUST-5112,2025-02-19,nairobi,Electronics,4028.0,Credit/Debit Card,Boda Boda Last-Mile,Chui Lockers,4.32,515,1.0,Delayed,2.0
KE-10370,CUST-5234,2025-04-23,Machakos,Electronics,7661.0,M-Pesa,Pickup Station,Wells Fargo,33.57,796,6.0,Delivered,3.0
KE-10371,CUST-5089,2025-11-22,Machakos,electrnics,19670.0,Credit/Debit Card,Home Delivery,G4S,0.84,277,6.0,Delivered,1.0
KE-10372,CUST-5070,2025-07-11,kiambu,Electronics,24266.0,Cash on Delivery,Smart Locker,DHL,27.57,574,3.0,Returned,3.0
KE-10373,CUST-5175,2025-05-05,Machakos,Health & Wellness,24076.0,m-pesa,Home Delivery,Sendy,30.46,347,2.0,Delivered,5.0
KE-10374,CUST-5281,2025-04-15,Kajiado,Fashion & Apparel,8525.0,Credit/Debit Card,Pickup Station,Wells Fargo,30.2,518,2.0,Cancelled,
KE-10375,CUST-5221,2025-03-21,Nairobi,Groceries,10337.0,Cash on Delivery,Smart Locker,Chui Lockers,9.98,642,2.0,Delivered,1.0
KE-10376,CUST-5006,2025-09-14,kiambu,Groceries,12727.0,M-Pesa,Home Delivery,Sendy,13.53,348,3.0,Delivered,5.0
KE-10377,CUST-5363,2025-09-08,Nairobi,Groceries,8441.0,M-Pesa,Pickup Station,Wells Fargo,21.23,300,5.0,Delivered,1.0
KE-10378,CUST-5059,2025-02-17,kiambu,Electronics,6687.0,Cash on Delivery,Boda Boda Last-Mile,Local Rider,10.85,241,5.0,Delivered,3.0
KE-10379,CUST-5383,2025-04-18,,Fashion & Apparel,551.0,COD,Boda Boda Last-Mile,G4S,6.26,287,2.0,Cancelled,2.0
KE-10380,CUST-5095,2025-04-13,Mombasa,Health & Wellness,21040.0,M-Pesa,Boda Boda Last-Mile,Sendy,9.76,749,4.0,Delivered,3.0
KE-10381,CUST-5384,2025-01-04,Nairobi,Home & Living,12809.0,COD,Smart Locker,Local Rider,15.09,501,7.0,Delayed,4.0
KE-10382,CUST-5312,2025-01-30,,Health & Wellness,,M-Pesa,Smart Locker,DHL,26.33,612,6.0,Returned,2.0
KE-10383,CUST-5001,2025-11-23,Nairobi,Health & Wellness,24611.0,COD,Home Delivery,Wells Fargo,15.03,637,7.0,Delayed,3.0
KE-10384,CUST-5310,2025-04-10,Uasin Gishu,Beauty,4689.0,Credit/Debit Card,Boda Boda Last-Mile,G4S,31.38,643,2.0,Returned,
KE-10385,CUST-5045,2025-02-24,nairobi,FASHION,9686.0,M-Pesa,Boda Boda Last-Mile,Sendy,27.86,379,7.0,Delivered,4.0
KE-10386,CUST-5466,2025-07-15,kiambu,Fashion & Apparel,10034.0,m-pesa,Home Delivery,Local Rider,12.93,539,1.0,Delivered,4.0
KE-10387,CUST-5216,2025-06-13,nairobi,Home & Living,3992.0,m-pesa,Smart Locker,G4S,17.54,765,6.0,Returned,1.0
KE-10388,CUST-5306,2025-06-13,Nairobi County,Health & Wellness,16172.0,COD,Smart Locker,G4S,28.99,380,1.0,Delayed,
KE-10389,CUST-5200,2025-06-03,nairobi,Home & Living,14342.0,COD,Smart Locker,Wells Fargo,24.4,711,2.0,Delivered,
KE-10390,CUST-5155,2025-08-23,Kisumu,FASHION,7373.0,M-Pesa,Home Delivery,DHL,27.51,535,4.0,Delivered,1.0
KE-10391,CUST-5182,2025-08-31,Nakuru,Home & Living,5368.0,m-pesa,Smart Locker,DHL,20.91,534,7.0,Delayed,
KE-10392,CUST-5195,2025-05-21,Nairobi,Electronics,,Credit/Debit Card,Boda Boda Last-Mile,Wells Fargo,24.31,757,4.0,Delivered,5.0
KE-10393,CUST-5064,2025-02-20,Nakuru,Health & Wellness,13403.0,COD,Home Delivery,G4S,33.8,335,6.0,Delivered,1.0
KE-10394,CUST-5020,2025-03-07,Nairobi County,Health & Wellness,3272.0,Credit/Debit Card,Home Delivery,G4S,10.59,681,3.0,Cancelled,4.0
KE-10395,CUST-5355,2025-06-10,Kiambu,Home & Living,3744.0,m-pesa,Pickup Station,G4S,21.11,517,6.0,Delivered,3.0
KE-10396,CUST-5195,2025-11-29,Nairobi County,Beauty,23257.0,Cash on Delivery,Pickup Station,DHL,13.09,673,4.0,Delayed,4.0
KE-10397,CUST-5013,2025-11-06,Nakuru,Home & Living,11292.0,Cash on Delivery,Pickup Station,Wells Fargo,0.44,377,1.0,Cancelled,
KE-10398,CUST-5448,2025-06-06,Nairobi County,Beauty,9740.0,m-pesa,Boda Boda Last-Mile,G4S,12.15,694,7.0,Delivered,1.0
KE-10399,CUST-5351,2025-09-20,nairobi,Beauty,24270.0,Credit/Debit Card,Boda Boda Last-Mile,G4S,15.42,629,3.0,Returned,2.0
KE-10400,CUST-5156,2025-11-22,kiambu,Health & Wellness,3104.0,Credit/Debit Card,Smart Locker,Local Rider,32.54,160,4.0,Delivered,4.0
KE-10401,CUST-5254,2025-09-21,Nakuru,electrnics,6731.0,Credit/Debit Card,Pickup Station,DHL,23.17,690,1.0,Returned,5.0
KE-10402,CUST-5462,2025-04-26,nairobi,Electronics,12922.0,m-pesa,Home Delivery,Wells Fargo,10.54,0,6.0,Delivered,
KE-10403,CUST-5263,2025-01-19,Kisumu,Electronics,11265.0,m-pesa,Home Delivery,Sendy,15.14,691,2.0,Delivered,2.0
KE-10404,CUST-5393,2025-12-03,Kiambu,Groceries,18077.0,COD,Smart Locker,DHL,15.25,353,3.0,Returned,3.0
KE-10405,CUST-5461,2025-01-17,Kisumu,FASHION,16525.0,Cash on Delivery,Boda Boda Last-Mile,Local Rider,25.44,548,1.0,Delivered,5.0
KE-10406,CUST-5006,2025-12-17,Kiambu,Home & Living,14732.0,COD,Pickup Station,DHL,17.94,267,6.0,Delivered,4.0
KE-10407,CUST-5361,2025-02-22,nairobi,Health & Wellness,21290.0,Cash on Delivery,Pickup Station,Chui Lockers,0.72,202,5.0,Delivered,2.0
KE-10408,CUST-5172,2025-08-07,Machakos,Electronics,9693.0,M-Pesa,Home Delivery,Sendy,23.15,442,5.0,Delayed,3.0
KE-10409,CUST-5171,2025-06-05,Machakos,Health & Wellness,12315.0,Credit/Debit Card,Pickup Station,DHL,9.73,239,2.0,Delivered,5.0
KE-10410,CUST-5495,2025-12-02,Kisumu,Electronics,20783.0,m-pesa,Pickup Station,Sendy,4.56,408,7.0,Delivered,3.0
KE-10411,CUST-5229,2025-11-19,Nairobi County,Home & Living,17010.0,m-pesa,Home Delivery,DHL,6.74,656,7.0,Delayed,5.0
KE-10412,CUST-5196,2025-10-15,Mombasa ,Electronics,-7637,Credit/Debit Card,Smart Locker,Wells Fargo,29.85,424,2.0,Delivered,1.0
KE-10413,CUST-5327,2025-03-17,nairobi,Health & Wellness,8659.0,Cash on Delivery,Smart Locker,Wells Fargo,3.01,712,2.0,Delivered,1.0
KE-10414,CUST-5320,2025-01-06,Mombasa ,Electronics,19612.0,Cash on Delivery,Pickup Station,Chui Lockers,7.8,745,7.0,Delivered,
KE-10415,CUST-5371,2025-08-11,Nairobi County,Groceries,6270.0,,Pickup Station,G4S,28.63,342,1.0,Returned,4.0
KE-10416,CUST-5051,2025-09-27,Nairobi,Groceries,4105.0,M-Pesa,Home Delivery,Wells Fargo,5.08,163,1.0,Returned,3.0
KE-10417,CUST-5436,2025-12-29,Uasin Gishu,Health & Wellness,11370.0,Cash on Delivery,Home Delivery,Sendy,28.89,453,,Delivered,1.0
KE-10418,CUST-5116,2025-08-07,Mombasa ,Beauty,23924.0,M-Pesa,Smart Locker,Wells Fargo,2.76,519,1.0,Delivered,4.0
KE-10419,CUST-5271,2025-06-21,nairobi,Beauty,9904.0,Cash on Delivery,Home Delivery,Sendy,30.17,300,4.0,Delayed,1.0
KE-10420,CUST-5057,2025-10-23,nairobi,Fashion & Apparel,13116.0,COD,Smart Locker,G4S,28.09,401,5.0,Cancelled,5.0
KE-10421,CUST-5420,2025-04-28,kiambu,Health & Wellness,,M-Pesa,Boda Boda Last-Mile,G4S,32.24,507,7.0,Delivered,4.0
KE-10422,CUST-5073,2025-10-10,Mombasa,Fashion & Apparel,5015.0,M-Pesa,Boda Boda Last-Mile,Wells Fargo,1.99,745,7.0,Delivered,3.0
KE-10423,CUST-5072,10/02/2025,kiambu,Fashion & Apparel,5091.0,COD,Boda Boda Last-Mile,DHL,24.36,309,6.0,Cancelled,2.0
KE-10424,CUST-5005,2025-07-22,Kisumu,Health & Wellness,19245.0,m-pesa,Home Delivery,Local Rider,13.28,366,1.0,Returned,5.0
KE-10425,CUST-5309,2025-02-09,Kiambu,Groceries,5900.0,Cash on Delivery,Home Delivery,Wells Fargo,21.15,178,2.0,Cancelled,1.0
KE-10426,CUST-5387,2025-06-08,Nairobi,Electronics,"KSh 19,007",COD,Smart Locker,Sendy,35kg,515,4.0,Delayed,
KE-10427,CUST-5182,2025-03-08,kiambu,Home & Living,"KSh 5,421",COD,Home Delivery,Wells Fargo,5.73,230,1.0,Delivered,
KE-10428,CUST-5334,2025-03-14,Nakuru,Beauty,17647.0,Cash on Delivery,Boda Boda Last-Mile,Sendy,31.18,546,5.0,Cancelled,
KE-10429,CUST-5254,2025-02-19,Mombasa ,Health & Wellness,3356.0,Cash on Delivery,Smart Locker,Local Rider,12.78,333,4.0,Delivered,4.0
KE-10430,CUST-5332,2025-03-13,Kisumu,Health & Wellness,13903.0,Cash on Delivery,Smart Locker,Wells Fargo,3.01,610,6.0,Delivered,
KE-10431,CUST-5404,2025-05-06,nairobi,FASHION,19182.0,COD,Smart Locker,Chui Lockers,16.45,626,2.0,Delayed,4.0
KE-10432,CUST-5102,2025-07-25,Uasin Gishu,Beauty,4246.0,COD,Pickup Station,Wells Fargo,19.93,539,7.0,Delayed,2.0
KE-10433,CUST-5027,2025-04-19,Machakos,FASHION,3239.0,COD,Pickup Station,DHL,31.27,205,4.0,Delivered,2.0
KE-10434,CUST-5178,2025-08-03,nairobi,Groceries,23204.0,Credit/Debit Card,Pickup Station,Wells Fargo,23.28,0,4.0,Delivered,1.0
KE-10435,CUST-5405,2025-12-12,Nairobi,Health & Wellness,21284.0,m-pesa,Pickup Station,Chui Lockers,24.41,765,3.0,Returned,5.0
KE-10436,CUST-5489,2025-01-08,Mombasa ,Home & Living,4587.0,COD,Boda Boda Last-Mile,Local Rider,34.1,330,3.0,Cancelled,4.0
KE-10437,CUST-5195,2025-05-26,kiambu,Beauty,3751.0,M-Pesa,Boda Boda Last-Mile,Sendy,17.42,707,4.0,Returned,3.0
KE-10438,CUST-5436,2025-08-04,Nakuru,Fashion & Apparel,4577.0,,Smart Locker,G4S,17.81,420,7.0,Delivered,4.0
KE-10439,CUST-5016,,Kiambu,Home & Living,20159.0,COD,Boda Boda Last-Mile,G4S,21.61,202,5.0,Delayed,
KE-10440,CUST-5088,2025-07-26,kiambu,Beauty,17023.0,Cash on Delivery,Pickup Station,Wells Fargo,7.21,0,,Returned,5.0
KE-10441,CUST-5471,2025-02-10,Kajiado,Groceries,12234.0,m-pesa,Pickup Station,DHL,27.32,416,3.0,Delivered,
KE-10442,CUST-5296,2025-02-22,Nairobi County,FASHION,6418.0,m-pesa,Boda Boda Last-Mile,Sendy,14.54,790,6.0,Returned,4.0
KE-10443,CUST-5413,24/03/2025,nairobi,Beauty,1530.0,Credit/Debit Card,Home Delivery,G4S,18.31,274,1.0,Delivered,2.0
KE-10444,CUST-5443,2025-07-06,Kiambu,Electronics,4647.0,Cash on Delivery,Smart Locker,Chui Lockers,26.11,674,2.0,Returned,3.0
KE-10445,CUST-5492,2025-07-21,Uasin Gishu,Health & Wellness,24160.0,Cash on Delivery,Home Delivery,Local Rider,13.47,511,6.0,Delivered,5.0
KE-10446,CUST-5129,2025-10-28,Machakos,Home & Living,1481.0,m-pesa,Home Delivery,G4S,23.03,471,3.0,Delivered,4.0
KE-10447,CUST-5290,2025-06-14,kiambu,Fashion & Apparel,3872.0,M-Pesa,Boda Boda Last-Mile,DHL,26.49,477,1.0,Delivered,4.0
KE-10448,CUST-5061,2025-03-05,Uasin Gishu,Home & Living,1084.0,COD,Boda Boda Last-Mile,Sendy,31.36,190,1.0,Delayed,
KE-10449,CUST-5154,2025-05-21,Nairobi County,FASHION,2042.0,M-Pesa,Home Delivery,Sendy,7.92,292,3.0,Delivered,2.0
KE-10450,CUST-5045,2025-04-08,Nakuru,Beauty,9009.0,Cash on Delivery,Smart Locker,DHL,21.48,426,2.0,Delivered,2.0
KE-10451,CUST-5385,2025-10-27,kiambu,Beauty,17788.0,Cash on Delivery,Boda Boda Last-Mile,G4S,3.3,234,7.0,Returned,2.0
KE-10452,CUST-5355,2025-02-09,,Fashion & Apparel,13117.0,Credit/Debit Card,Smart Locker,Wells Fargo,24.83,666,2.0,Delayed,5.0
KE-10453,CUST-5262,2025-04-14,Mombasa ,Beauty,19415.0,M-Pesa,Boda Boda Last-Mile,G4S,9.41,693,3.0,Delivered,4.0
KE-10454,CUST-5108,2025-03-19,Kiambu,FASHION,2110.0,Cash on Delivery,Pickup Station,Local Rider,9.73,681,6.0,Delivered,2.0
KE-10455,CUST-5058,2025-01-28,Mombasa,Electronics,20823.0,m-pesa,Smart Locker,Chui Lockers,7.28,505,6.0,Delivered,2.0
KE-10456,CUST-5257,2025-12-25,Kajiado,FASHION,5960.0,M-Pesa,Boda Boda Last-Mile,Wells Fargo,0.83,228,7.0,Delayed,5.0
KE-10457,CUST-5000,2025-09-08,Nairobi,Home & Living,10024.0,m-pesa,Home Delivery,Wells Fargo,28.16,652,5.0,Delivered,4.0
KE-10458,CUST-5006,2025-06-30,Nakuru,Health & Wellness,20021.0,M-Pesa,Boda Boda Last-Mile,G4S,23.11,0,5.0,Delivered,2.0
KE-10459,CUST-5381,2025-02-15,Machakos,FASHION,22742.0,Credit/Debit Card,Smart Locker,Wells Fargo,13.75,432,1.0,Cancelled,1.0
KE-10460,CUST-5221,2025-08-21,Kiambu,Electronics,22963.0,Cash on Delivery,Pickup Station,Wells Fargo,17.09,0,1.0,Delivered,1.0
KE-10461,CUST-5250,,Kiambu,Electronics,5012.0,Credit/Debit Card,Home Delivery,DHL,9.55,351,,Delivered,2.0
KE-10462,CUST-5415,2025-12-14,Nairobi County,FASHION,6178.0,Credit/Debit Card,Pickup Station,Wells Fargo,4.84,458,3.0,Cancelled,2.0
KE-10463,CUST-5192,2025-08-12,Kajiado,Beauty,15847.0,,Home Delivery,Chui Lockers,3.19,459,5.0,Cancelled,5.0
KE-10464,CUST-5449,2025-05-31,nairobi,Electronics,17474.0,M-Pesa,Home Delivery,Wells Fargo,19.83,212,5.0,Delivered,
KE-10465,CUST-5104,2025-09-22,Kisumu,Beauty,5571.0,M-Pesa,Pickup Station,Sendy,2.44,273,2.0,Cancelled,4.0
KE-10466,CUST-5200,2025-01-29,Kisumu,Health & Wellness,18414.0,Credit/Debit Card,Pickup Station,DHL,0.86,396,6.0,Delayed,3.0
KE-10467,CUST-5148,2025-12-08,Kiambu,Groceries,4017.0,Cash on Delivery,Boda Boda Last-Mile,Sendy,20.36,784,3.0,Returned,4.0
KE-10468,CUST-5141,2025-01-05,Nakuru,Beauty,17311.0,Credit/Debit Card,Pickup Station,Wells Fargo,27.5,553,7.0,Delayed,5.0
KE-10469,CUST-5337,2025-04-03,Machakos,Fashion & Apparel,19795.0,COD,Home Delivery,DHL,5.66,258,6.0,Returned,2.0
KE-10470,CUST-5053,2025-03-31,kiambu,Electronics,"KSh 4,251",M-Pesa,Smart Locker,Local Rider,35kg,328,6.0,Returned,5.0
KE-10471,CUST-5284,2025-04-13,Machakos,Fashion & Apparel,14723.0,,Home Delivery,G4S,1.26,155,4.0,Delivered,2.0
KE-10472,CUST-5349,2025-11-25,Mombasa,Groceries,12181.0,M-Pesa,Boda Boda Last-Mile,Sendy,19.96,679,1.0,Cancelled,3.0
KE-10473,CUST-5011,2025-04-25,Mombasa ,FASHION,5672.0,Credit/Debit Card,Smart Locker,Chui Lockers,21.69,263,,Delayed,3.0
KE-10474,CUST-5102,2025-06-21,Mombasa,Beauty,22236.0,Credit/Debit Card,Home Delivery,Wells Fargo,34.34,762,1.0,Delivered,3.0
KE-10475,CUST-5370,2025-01-22,Mombasa,Groceries,"KSh 7,963",,Pickup Station,Local Rider,21.32,168,1.0,Delivered,4.0
KE-10476,CUST-5359,2025-08-07,Nairobi County,FASHION,11743.0,,Boda Boda Last-Mile,DHL,26.36,699,999.0,Returned,2.0
KE-10477,CUST-5416,2025-01-30,nairobi,FASHION,21969.0,COD,Home Delivery,DHL,2.78,706,6.0,Delivered,4.0
KE-10478,CUST-5365,2025-06-04,Mombasa ,Fashion & Apparel,9266.0,Cash on Delivery,Boda Boda Last-Mile,Wells Fargo,2.84,683,6.0,Returned,2.0
KE-10479,CUST-5018,2025-05-01,Kisumu,Electronics,1606.0,M-Pesa,Boda Boda Last-Mile,Chui Lockers,0.76,0,2.0,Cancelled,1.0
KE-10480,CUST-5338,,Kiambu,Home & Living,11517.0,Credit/Debit Card,Home Delivery,Wells Fargo,25.43,587,6.0,Cancelled,4.0
KE-10481,CUST-5487,2025-12-14,Nakuru,Home & Living,17503.0,m-pesa,Home Delivery,Wells Fargo,28.01,237,7.0,Delayed,1.0
KE-10482,CUST-5315,2025-05-21,Machakos,electrnics,10556.0,m-pesa,Home Delivery,Chui Lockers,0.41,517,7.0,Cancelled,1.0
KE-10483,CUST-5141,2025-11-09,Kisumu,Health & Wellness,9004.0,m-pesa,Home Delivery,G4S,4.09,668,5.0,Delivered,1.0
KE-10484,CUST-5487,2026-01-01,Nairobi,Health & Wellness,18209.0,M-Pesa,Home Delivery,Local Rider,2.8,734,7.0,Delayed,3.0
KE-10485,CUST-5073,2025-01-13,Kiambu,Beauty,10135.0,m-pesa,Home Delivery,Sendy,21.36,673,6.0,Delivered,2.0
KE-10486,CUST-5193,,Kajiado,Health & Wellness,3070.0,Credit/Debit Card,Boda Boda Last-Mile,Local Rider,25.68,690,5.0,Delayed,3.0
KE-10487,CUST-5137,2025-04-10,Mombasa,Health & Wellness,12360.0,m-pesa,Boda Boda Last-Mile,Wells Fargo,2.88,228,6.0,Delayed,2.0
KE-10488,CUST-5291,2025-03-06,kiambu,Beauty,9028.0,COD,Pickup Station,Local Rider,17.35,352,999.0,Delivered,4.0
KE-10489,CUST-5134,2025-10-11,Nairobi County,Electronics,1284.0,Credit/Debit Card,Boda Boda Last-Mile,Wells Fargo,4.55,397,1.0,Delivered,5.0
KE-10490,CUST-5311,2025-11-12,Nairobi County,FASHION,13898.0,COD,Pickup Station,DHL,26.83,671,1.0,Returned,4.0
KE-10491,CUST-5194,2025-06-14,Uasin Gishu,Health & Wellness,10243.0,Credit/Debit Card,Boda Boda Last-Mile,Wells Fargo,11.37,332,1.0,Returned,2.0
KE-10492,CUST-5220,2025-09-23,Kiambu,FASHION,9932.0,Cash on Delivery,Smart Locker,Local Rider,26.4,435,2.0,Delivered,1.0
KE-10493,CUST-5306,2025-01-21,,Health & Wellness,12609.0,COD,Boda Boda Last-Mile,Wells Fargo,32.14,272,4.0,Delivered,3.0
KE-10494,CUST-5374,2025-12-09,Nairobi County,Fashion & Apparel,11218.0,Credit/Debit Card,Home Delivery,DHL,24.11,189,6.0,Cancelled,
KE-10495,CUST-5428,,Machakos,Fashion & Apparel,12827.0,COD,Pickup Station,DHL,17.44,800,5.0,Delivered,4.0
KE-10496,CUST-5034,2025-09-09,nairobi,Beauty,12961.0,Credit/Debit Card,Pickup Station,Wells Fargo,29.44,646,6.0,Delayed,3.0
KE-10497,CUST-5049,2025-04-23,Mombasa ,Groceries,22206.0,M-Pesa,Boda Boda Last-Mile,DHL,4.57,650,6.0,Cancelled,2.0
KE-10498,CUST-5455,2025-07-29,Mombasa ,Groceries,14981.0,COD,Smart Locker,DHL,28.67,569,2.0,Delivered,5.0
KE-10499,CUST-5312,2025-06-18,,Groceries,23592.0,M-Pesa,Pickup Station,Wells Fargo,18.79,698,6.0,Delivered,3.0
KE-10500,CUST-5211,2025-04-21,Nairobi,Electronics,17754.0,m-pesa,Home Delivery,G4S,22.14,184,1.0,Delayed,2.0
KE-10501,CUST-5418,2025-05-19,Nakuru,Health & Wellness,"KSh 1,160",Credit/Debit Card,Pickup Station,Sendy,25.78,348,7.0,Cancelled,
KE-10502,CUST-5011,2025-06-04,Mombasa ,Home & Living,10043.0,Cash on Delivery,Pickup Station,Chui Lockers,0.7,553,7.0,Delivered,5.0
KE-10503,CUST-5499,2025-01-13,Kiambu,Electronics,11393.0,Credit/Debit Card,Boda Boda Last-Mile,Local Rider,8.82,781,5.0,Delivered,1.0
KE-10504,CUST-5392,2025-09-10,Kiambu,Electronics,19024.0,m-pesa,Boda Boda Last-Mile,Local Rider,17.54,391,6.0,Returned,
KE-10505,CUST-5041,2025-02-23,nairobi,Fashion & Apparel,4480.0,M-Pesa,Boda Boda Last-Mile,G4S,21.95,293,,Delivered,4.0
KE-10506,CUST-5150,2025-12-13,Kiambu,Fashion & Apparel,17645.0,Cash on Delivery,Smart Locker,Chui Lockers,16.25,288,,Delayed,2.0
KE-10507,CUST-5076,2025-08-29,Mombasa ,Fashion & Apparel,18120.0,Credit/Debit Card,Smart Locker,DHL,19.61,0,2.0,Delayed,5.0
KE-10508,CUST-5373,2025-06-06,Mombasa ,Beauty,3038.0,m-pesa,Home Delivery,G4S,27.91,542,7.0,Returned,5.0
KE-10509,CUST-5342,31/08/2025,Mombasa,Electronics,20649.0,Cash on Delivery,Home Delivery,G4S,17.96,633,5.0,Delayed,4.0
KE-10510,CUST-5396,2025-07-17,Nakuru,Electronics,7509.0,m-pesa,Boda Boda Last-Mile,Chui Lockers,24.36,273,4.0,Delivered,4.0
KE-10511,CUST-5394,2025-12-10,Uasin Gishu,Fashion & Apparel,6365.0,Cash on Delivery,Home Delivery,Local Rider,10.93,527,5.0,Delivered,
KE-10512,CUST-5140,2025-11-25,Kajiado,FASHION,19249.0,Credit/Debit Card,Boda Boda Last-Mile,G4S,16.62,708,1.0,Returned,2.0
KE-10513,CUST-5361,2025-04-01,kiambu,Electronics,21388.0,Cash on Delivery,Pickup Station,DHL,35kg,474,2.0,Delivered,5.0
KE-10514,CUST-5007,2025-12-07,Machakos,Fashion & Apparel,16933.0,M-Pesa,Pickup Station,DHL,17.74,153,5.0,Cancelled,
KE-10515,CUST-5044,2025-10-17,Nairobi County,Electronics,19870.0,M-Pesa,Smart Locker,Chui Lockers,2.94,402,6.0,Delivered,
KE-10516,CUST-5386,2025-03-09,Mombasa ,Fashion & Apparel,14065.0,m-pesa,Smart Locker,DHL,15.44,513,3.0,Returned,
KE-10517,CUST-5425,,Uasin Gishu,Home & Living,23509.0,Cash on Delivery,Smart Locker,Sendy,18.01,373,1.0,Returned,2.0
KE-10518,CUST-5243,2025-03-13,Uasin Gishu,Home & Living,11063.0,M-Pesa,Boda Boda Last-Mile,Wells Fargo,11.85,341,3.0,Delivered,4.0
KE-10519,CUST-5414,2025-11-12,kiambu,Groceries,8776.0,COD,Pickup Station,Local Rider,3.86,425,4.0,Delivered,3.0
KE-10520,CUST-5453,2025-11-02,Mombasa,Home & Living,4756.0,M-Pesa,Pickup Station,Wells Fargo,16.11,150,2.0,Delivered,2.0
KE-10521,CUST-5120,2025-04-15,nairobi,Health & Wellness,662.0,COD,Boda Boda Last-Mile,DHL,13.23,398,1.0,Delivered,4.0
KE-10522,CUST-5395,2025-06-17,Kajiado,Home & Living,2848.0,M-Pesa,Pickup Station,G4S,12.98,151,7.0,Delivered,2.0
KE-10523,CUST-5255,2025-04-07,Nairobi County,Beauty,5439.0,M-Pesa,Boda Boda Last-Mile,G4S,5.81,258,1.0,Returned,4.0
KE-10524,CUST-5411,2025-01-07,Nakuru,electrnics,21924.0,Cash on Delivery,Home Delivery,Local Rider,28.27,664,4.0,Delivered,1.0
KE-10525,CUST-5402,2025-04-02,kiambu,Electronics,11546.0,Credit/Debit Card,Boda Boda Last-Mile,Chui Lockers,1.79,274,4.0,Returned,3.0
KE-10526,CUST-5129,2025-08-06,Nairobi,Fashion & Apparel,"KSh 14,166",Cash on Delivery,Home Delivery,Local Rider,4.0,694,2.0,Delivered,
KE-10527,CUST-5074,2025-11-21,Kiambu,Beauty,24508.0,Cash on Delivery,Pickup Station,Local Rider,34.19,253,6.0,Returned,3.0
KE-10528,CUST-5216,,Kajiado,Beauty,3097.0,m-pesa,Smart Locker,Local Rider,18.04,399,1.0,Delayed,3.0
KE-10529,CUST-5382,2025-12-19,Machakos,Groceries,-22723,,Boda Boda Last-Mile,DHL,4.63,763,6.0,Delivered,
KE-10530,CUST-5166,2025-04-24,Kajiado,Groceries,21300.0,,Smart Locker,Wells Fargo,12.19,623,4.0,Returned,4.0
KE-10531,CUST-5130,,Uasin Gishu,Beauty,11814.0,Cash on Delivery,Smart Locker,Chui Lockers,35kg,789,5.0,Delivered,3.0
KE-10532,CUST-5284,2025-09-09,Nakuru,Home & Living,4546.0,Credit/Debit Card,Pickup Station,DHL,34.26,510,4.0,Delivered,
KE-10533,CUST-5054,2025-12-07,Machakos,Home & Living,7876.0,COD,Pickup Station,Chui Lockers,10.17,492,6.0,Delayed,5.0
KE-10534,CUST-5334,2025-08-03,,Fashion & Apparel,20813.0,COD,Smart Locker,Local Rider,8.82,633,3.0,Returned,4.0
KE-10535,CUST-5282,2025-09-19,nairobi,Beauty,6241.0,m-pesa,Home Delivery,G4S,20.26,767,2.0,Cancelled,
KE-10536,CUST-5056,2025-11-06,nairobi,Beauty,725.0,Credit/Debit Card,Boda Boda Last-Mile,Sendy,27.43,700,7.0,Returned,1.0
KE-10537,CUST-5224,2025-09-04,kiambu,Beauty,12407.0,COD,Home Delivery,Sendy,5.19,743,1.0,Returned,3.0
KE-10538,CUST-5072,2025-05-05,Nairobi County,Beauty,23735.0,Cash on Delivery,Smart Locker,Chui Lockers,24.51,0,2.0,Delivered,3.0
KE-10539,CUST-5288,2025-07-05,Kajiado,Beauty,23866.0,m-pesa,Smart Locker,Chui Lockers,9.08,366,2.0,Returned,5.0
KE-10540,CUST-5381,2025-09-22,nairobi,Beauty,16919.0,COD,Boda Boda Last-Mile,G4S,16.99,216,3.0,Cancelled,
KE-10541,CUST-5404,2025-03-03,Kisumu,Beauty,24953.0,m-pesa,Smart Locker,DHL,1.25,487,3.0,Returned,5.0
KE-10542,CUST-5446,2025-02-10,Uasin Gishu,Fashion & Apparel,24729.0,m-pesa,Boda Boda Last-Mile,G4S,1.5,715,6.0,Delivered,2.0
KE-10543,CUST-5267,2025-06-05,Uasin Gishu,Groceries,18094.0,M-Pesa,Home Delivery,Chui Lockers,3.01,705,5.0,Cancelled,4.0
KE-10544,CUST-5440,2025-02-27,Machakos,Health & Wellness,15450.0,Cash on Delivery,Pickup Station,Wells Fargo,17.8,456,5.0,Cancelled,5.0
KE-10545,CUST-5158,2025-11-17,nairobi,FASHION,17196.0,COD,Home Delivery,Chui Lockers,12.05,337,1.0,Cancelled,3.0
KE-10546,CUST-5163,2025-09-29,Uasin Gishu,Beauty,5624.0,m-pesa,Pickup Station,Wells Fargo,33.49,759,7.0,Delivered,4.0
KE-10547,CUST-5478,2025-06-05,Kajiado,Beauty,10593.0,COD,Boda Boda Last-Mile,Wells Fargo,22.64,617,1.0,Returned,
KE-10548,CUST-5131,2025-05-31,kiambu,FASHION,24716.0,Cash on Delivery,Pickup Station,G4S,11.46,757,1.0,Returned,4.0
KE-10549,CUST-5127,2025-05-24,Nairobi,Beauty,18125.0,m-pesa,Home Delivery,Wells Fargo,34.2,305,5.0,Delivered,4.0
KE-10549,CUST-5125,2025-06-17,Mombasa ,Health & Wellness,1216.0,Cash on Delivery,Smart Locker,Chui Lockers,26.18,478,4.0,Returned,3.0
KE-10551,CUST-5130,2025-11-06,Nairobi County,Groceries,16436.0,Credit/Debit Card,Boda Boda Last-Mile,Sendy,33.6,484,4.0,Delivered,
KE-10552,CUST-5038,2025-10-17,Nairobi County,Health & Wellness,3374.0,m-pesa,Boda Boda Last-Mile,Wells Fargo,16.35,305,1.0,Delayed,5.0
KE-10553,CUST-5399,2025-12-21,Nairobi,electrnics,"KSh 13,277",m-pesa,Pickup Station,Wells Fargo,29.96,484,6.0,Cancelled,3.0
KE-10554,CUST-5457,2025-10-23,Mombasa,Electronics,20223.0,Cash on Delivery,Smart Locker,Wells Fargo,32.5,356,4.0,Delivered,3.0
KE-10555,CUST-5013,2025-03-12,Nairobi County,Groceries,24877.0,COD,Pickup Station,Chui Lockers,20.7,329,5.0,Delivered,1.0
KE-10556,CUST-5481,2025-09-08,Kiambu,Fashion & Apparel,17110.0,,Boda Boda Last-Mile,Chui Lockers,14.07,513,3.0,Returned,3.0
KE-10557,CUST-5117,2025-12-26,kiambu,Electronics,9501.0,m-pesa,Home Delivery,G4S,18.2,631,1.0,Returned,
KE-10558,CUST-5150,2025-07-10,kiambu,Home & Living,24812.0,M-Pesa,Home Delivery,Chui Lockers,7.22,532,,Delivered,3.0
KE-10559,CUST-5014,,nairobi,Electronics,20111.0,Cash on Delivery,Home Delivery,Chui Lockers,34.59,637,4.0,Delivered,5.0
KE-10560,CUST-5414,,Kisumu,FASHION,22008.0,M-Pesa,Pickup Station,G4S,7.75,296,1.0,Delivered,5.0
KE-10561,CUST-5053,2025-05-08,Machakos,Beauty,22400.0,Cash on Delivery,Pickup Station,Wells Fargo,14.83,743,7.0,Delayed,
KE-10562,CUST-5024,12/04/2025,Machakos,Health & Wellness,13501.0,Cash on Delivery,Boda Boda Last-Mile,Chui Lockers,34.75,419,1.0,Cancelled,3.0
KE-10563,CUST-5172,2025-04-06,Kisumu,Groceries,22389.0,Cash on Delivery,Home Delivery,Local Rider,4.51,618,1.0,Delivered,3.0
KE-10564,CUST-5231,2025-08-12,Nakuru,Health & Wellness,17241.0,M-Pesa,Smart Locker,Local Rider,21.07,693,7.0,Returned,5.0
KE-10565,CUST-5085,2025-07-11,Machakos,Home & Living,23964.0,m-pesa,Boda Boda Last-Mile,Wells Fargo,13.7,581,4.0,Delivered,1.0
KE-10566,CUST-5038,2025-05-09,Mombasa,Home & Living,2689.0,m-pesa,Pickup Station,Chui Lockers,27.54,550,2.0,Delivered,2.0
KE-10567,CUST-5457,2025-07-25,Machakos,Groceries,-9526,M-Pesa,Home Delivery,DHL,20.99,598,1.0,Delivered,1.0
KE-10568,CUST-5450,2025-06-24,Nairobi,FASHION,15787.0,COD,Pickup Station,Local Rider,3.7,767,7.0,Returned,4.0
KE-10569,CUST-5428,2025-12-26,Machakos,Health & Wellness,24225.0,Cash on Delivery,Smart Locker,Wells Fargo,3.0,647,4.0,Delivered,1.0
KE-10570,CUST-5399,2025-12-29,Uasin Gishu,Home & Living,22374.0,M-Pesa,Home Delivery,G4S,12.69,768,,Returned,4.0
KE-10571,CUST-5436,2025-08-24,kiambu,Beauty,14649.0,M-Pesa,Smart Locker,Sendy,10.3,179,7.0,Returned,3.0
KE-10572,CUST-5180,2025-05-08,Kiambu,Beauty,5762.0,Cash on Delivery,Smart Locker,G4S,29.58,491,5.0,Delivered,3.0
KE-10573,CUST-5424,2025-06-06,Machakos,Home & Living,6601.0,COD,Boda Boda Last-Mile,Wells Fargo,26.44,0,2.0,Returned,
KE-10574,CUST-5286,2025-06-01,kiambu,Electronics,3466.0,Cash on Delivery,Smart Locker,Local Rider,12.45,544,6.0,Delivered,5.0
KE-10575,CUST-5291,2025-02-12,Nairobi,Fashion & Apparel,"KSh 9,471",m-pesa,Pickup Station,G4S,30.64,371,,Cancelled,4.0
KE-10576,CUST-5429,2025-08-13,Uasin Gishu,Fashion & Apparel,19534.0,COD,Smart Locker,Wells Fargo,15.15,390,3.0,Delivered,
KE-10577,CUST-5126,2025-10-03,Nakuru,Home & Living,20294.0,Credit/Debit Card,Pickup Station,Chui Lockers,9.49,621,4.0,Delivered,1.0
KE-10578,CUST-5286,2025-08-18,Kiambu,Beauty,22848.0,Cash on Delivery,Home Delivery,DHL,20.96,286,2.0,Returned,
KE-10579,CUST-5155,2025-06-19,Nakuru,Fashion & Apparel,22825.0,M-Pesa,Smart Locker,Local Rider,4.28,778,4.0,Delivered,5.0
KE-10580,CUST-5396,2025-04-02,Kisumu,FASHION,13723.0,COD,Boda Boda Last-Mile,G4S,29.67,468,6.0,Delivered,2.0
KE-10581,CUST-5133,2025-07-25,Machakos,FASHION,3581.0,Credit/Debit Card,Smart Locker,Sendy,5.98,0,,Cancelled,5.0
KE-10582,CUST-5191,2025-02-05,Uasin Gishu,Home & Living,11813.0,Cash on Delivery,Boda Boda Last-Mile,DHL,29.62,669,7.0,Cancelled,1.0
KE-10583,CUST-5413,2025-06-09,Machakos,Home & Living,3767.0,Cash on Delivery,Boda Boda Last-Mile,Chui Lockers,33.05,217,3.0,Delayed,2.0
KE-10584,CUST-5406,2025-07-26,Kisumu,Beauty,19870.0,Cash on Delivery,Boda Boda Last-Mile,Local Rider,22.55,288,2.0,Delayed,4.0
KE-10585,CUST-5193,2025-02-12,Kiambu,Home & Living,16805.0,M-Pesa,Home Delivery,G4S,33.14,751,5.0,Returned,1.0
KE-10586,CUST-5273,2025-01-15,Mombasa,Home & Living,22918.0,m-pesa,Home Delivery,G4S,3.54,376,1.0,Cancelled,
KE-10587,CUST-5313,2025-01-08,Kajiado,electrnics,8377.0,m-pesa,Pickup Station,Wells Fargo,32.12,309,2.0,Delayed,
KE-10588,CUST-5292,2025-12-30,Mombasa,Beauty,-9433,COD,Pickup Station,Chui Lockers,35kg,0,7.0,Delivered,1.0
KE-10589,CUST-5326,2025-02-28,Kisumu,Home & Living,24751.0,COD,Smart Locker,Wells Fargo,29.96,272,2.0,Delayed,2.0
KE-10590,CUST-5065,2025-09-23,Nairobi County,Electronics,6544.0,COD,Boda Boda Last-Mile,DHL,5.08,192,5.0,Delivered,
KE-10591,CUST-5162,2025-01-23,Kiambu,FASHION,11972.0,COD,Smart Locker,Local Rider,2.32,349,6.0,Delivered,2.0
KE-10592,CUST-5308,2025-09-28,Nakuru,Electronics,2634.0,m-pesa,Smart Locker,Wells Fargo,1.44,0,1.0,Cancelled,1.0
KE-10593,CUST-5438,2025-04-25,Nakuru,Beauty,16111.0,Credit/Debit Card,Pickup Station,DHL,17.22,615,2.0,Delivered,2.0
KE-10594,CUST-5146,2025-11-23,kiambu,Fashion & Apparel,1186.0,COD,Pickup Station,Chui Lockers,4.46,363,4.0,Delayed,4.0
KE-10595,CUST-5487,2025-07-18,Machakos,Beauty,8561.0,Credit/Debit Card,Boda Boda Last-Mile,Local Rider,30.2,533,2.0,Cancelled,
KE-10596,CUST-5231,2025-06-03,Uasin Gishu,Fashion & Apparel,18577.0,COD,Boda Boda Last-Mile,Sendy,24.32,326,6.0,Returned,4.0
KE-10597,CUST-5294,2025-04-12,Mombasa,Fashion & Apparel,16447.0,M-Pesa,Home Delivery,Sendy,0.85,204,1.0,Delivered,
KE-10598,CUST-5077,2025-04-20,Uasin Gishu,Home & Living,15134.0,M-Pesa,Pickup Station,G4S,5.8,783,5.0,Delivered,
KE-10599,CUST-5434,2025-05-08,nairobi,Electronics,4943.0,M-Pesa,Smart Locker,Chui Lockers,20.51,170,6.0,Delivered,3.0
KE-10600,CUST-5035,2025-04-01,kiambu,Electronics,22418.0,M-Pesa,Boda Boda Last-Mile,Sendy,21.8,323,3.0,Cancelled,1.0
KE-10601,CUST-5250,2025-06-13,Mombasa,FASHION,14686.0,COD,Smart Locker,Local Rider,1.19,0,999.0,Delayed,2.0
KE-10602,CUST-5463,2025-08-29,Machakos,Groceries,17296.0,Cash on Delivery,Smart Locker,DHL,9.23,438,4.0,Returned,3.0
KE-10603,CUST-5441,2025-09-18,nairobi,Electronics,6303.0,M-Pesa,Home Delivery,DHL,0.57,782,5.0,Delayed,
KE-10604,CUST-5447,2025-06-19,Nairobi County,Fashion & Apparel,24947.0,,Pickup Station,G4S,1.84,478,2.0,Delayed,5.0
KE-10605,CUST-5361,2025-04-06,Uasin Gishu,Electronics,"KSh 17,132",m-pesa,Smart Locker,G4S,30.75,343,6.0,Delivered,2.0
KE-10606,CUST-5083,2025-07-22,Uasin Gishu,Beauty,14476.0,M-Pesa,Smart Locker,Wells Fargo,26.42,214,6.0,Delayed,1.0
KE-10607,CUST-5345,,Kajiado,FASHION,12344.0,Credit/Debit Card,Smart Locker,Chui Lockers,12.6,529,7.0,Returned,2.0
KE-10608,CUST-5116,2025-10-28,kiambu,Groceries,13713.0,m-pesa,Boda Boda Last-Mile,Chui Lockers,33.24,474,7.0,Delivered,4.0
KE-10609,CUST-5405,2025-12-05,nairobi,Electronics,5411.0,m-pesa,Smart Locker,G4S,6.73,661,7.0,Delivered,3.0
KE-10610,CUST-5492,2025-02-24,Kisumu,Fashion & Apparel,,Cash on Delivery,Smart Locker,DHL,10.94,776,2.0,Delivered,
KE-10611,CUST-5442,2025-03-07,,FASHION,7363.0,Cash on Delivery,Boda Boda Last-Mile,Wells Fargo,19.47,489,2.0,Cancelled,2.0
KE-10612,CUST-5362,2025-10-31,Mombasa,Groceries,10771.0,Credit/Debit Card,Boda Boda Last-Mile,Chui Lockers,21.13,422,4.0,Delivered,
KE-10613,CUST-5073,2025-07-06,Mombasa,Electronics,20837.0,Cash on Delivery,Smart Locker,Local Rider,30.92,342,5.0,Delivered,
KE-10614,CUST-5453,2025-04-10,Mombasa,Groceries,857.0,M-Pesa,Boda Boda Last-Mile,Sendy,12.97,301,4.0,Delivered,1.0
KE-10615,CUST-5479,2025-05-21,Uasin Gishu,Fashion & Apparel,11077.0,Credit/Debit Card,Pickup Station,Wells Fargo,29.13,176,6.0,Cancelled,1.0
KE-10616,CUST-5329,2025-05-25,Nairobi,Electronics,23885.0,m-pesa,Pickup Station,DHL,8.3,515,4.0,Delayed,5.0
KE-10617,CUST-5031,2025-09-26,Kajiado,Health & Wellness,7291.0,Cash on Delivery,Home Delivery,DHL,35kg,380,1.0,Delivered,2.0
KE-10618,CUST-5256,2025-06-13,Machakos,Home & Living,"KSh 16,629",COD,Home Delivery,G4S,20.68,746,3.0,Delivered,5.0
KE-10619,CUST-5460,2025-03-26,Nairobi,Beauty,9204.0,m-pesa,Smart Locker,Wells Fargo,6.93,552,3.0,Returned,
KE-10620,CUST-5262,2025-07-27,kiambu,Beauty,7236.0,m-pesa,Smart Locker,Wells Fargo,16.29,385,7.0,Delivered,1.0
KE-10621,CUST-5110,2025-04-03,Kajiado,FASHION,13304.0,Credit/Debit Card,Pickup Station,Sendy,21.61,181,999.0,Delivered,1.0
KE-10622,CUST-5155,2025-08-16,nairobi,FASHION,6751.0,Cash on Delivery,Home Delivery,Wells Fargo,26.99,459,4.0,Delivered,1.0
KE-10623,CUST-5470,2025-11-22,Nairobi,Groceries,4189.0,Credit/Debit Card,Smart Locker,Wells Fargo,0.89,214,2.0,Delayed,1.0
KE-10624,CUST-5019,2025-09-12,nairobi,Home & Living,22015.0,Cash on Delivery,Pickup Station,Wells Fargo,0.95,342,4.0,Delivered,5.0
KE-10625,CUST-5427,2025-08-11,Mombasa,Beauty,12428.0,Credit/Debit Card,Smart Locker,DHL,19.33,505,5.0,Delivered,3.0
KE-10626,CUST-5075,2025-12-11,Nakuru,Groceries,8796.0,COD,Pickup Station,Sendy,12.09,790,3.0,Delivered,5.0
KE-10627,CUST-5071,2025-04-16,kiambu,Home & Living,-17525,Credit/Debit Card,Pickup Station,DHL,8.01,492,3.0,Cancelled,4.0
KE-10628,CUST-5267,2025-12-03,Kiambu,Beauty,3987.0,m-pesa,Home Delivery,Chui Lockers,5.14,463,4.0,Returned,1.0
KE-10629,CUST-5487,,Nairobi,Fashion & Apparel,22798.0,COD,Boda Boda Last-Mile,Sendy,24.45,547,3.0,Delayed,
KE-10630,CUST-5314,2025-10-31,Nairobi,FASHION,23458.0,M-Pesa,Smart Locker,DHL,35kg,189,7.0,Cancelled,1.0
KE-10631,CUST-5042,2025-05-06,Nairobi County,Beauty,20279.0,COD,Boda Boda Last-Mile,Sendy,0.46,178,4.0,Delivered,
KE-10632,CUST-5289,2025-07-18,Kajiado,Home & Living,17432.0,,Smart Locker,Chui Lockers,3.93,228,4.0,Returned,
KE-10633,CUST-5463,2025-04-01,nairobi,Health & Wellness,16666.0,M-Pesa,Pickup Station,G4S,25.94,0,4.0,Delivered,
KE-10634,CUST-5268,2025-12-22,kiambu,FASHION,23504.0,Cash on Delivery,Pickup Station,G4S,4.32,734,2.0,Delivered,5.0
KE-10635,CUST-5134,2025-09-02,nairobi,Electronics,8110.0,,Home Delivery,Local Rider,27.6,422,1.0,Delivered,2.0
KE-10636,CUST-5440,2025-09-03,Kisumu,Fashion & Apparel,13209.0,M-Pesa,Pickup Station,Local Rider,5.17,639,1.0,Delayed,
KE-10637,CUST-5185,2025-04-26,kiambu,FASHION,1406.0,COD,Pickup Station,DHL,31.77,671,6.0,Delivered,5.0
KE-10638,CUST-5266,2025-05-28,Uasin Gishu,Electronics,23584.0,Cash on Delivery,Smart Locker,Chui Lockers,22.79,499,5.0,Delayed,5.0
KE-10639,CUST-5249,2025-07-17,Uasin Gishu,Beauty,22159.0,COD,Home Delivery,Wells Fargo,22.06,445,2.0,Delivered,5.0
KE-10640,CUST-5097,2025-06-28,Kiambu,Groceries,20087.0,m-pesa,Smart Locker,G4S,24.08,705,2.0,Delivered,1.0
KE-10641,CUST-5370,2025-05-30,Machakos,Fashion & Apparel,16784.0,Credit/Debit Card,Smart Locker,G4S,8.99,277,7.0,Delivered,2.0
KE-10642,CUST-5415,2025-05-11,Nakuru,FASHION,14278.0,COD,Boda Boda Last-Mile,Chui Lockers,13.6,335,7.0,Delivered,3.0
KE-10643,CUST-5055,2025-10-08,Nairobi County,Beauty,,Cash on Delivery,Smart Locker,Wells Fargo,15.1,783,7.0,Delivered,2.0
KE-10644,CUST-5011,2025-10-11,nairobi,Health & Wellness,18250.0,Credit/Debit Card,Smart Locker,Chui Lockers,4.45,566,4.0,Delivered,3.0
KE-10645,CUST-5054,2025-01-02,Uasin Gishu,Health & Wellness,7492.0,COD,Boda Boda Last-Mile,Local Rider,35kg,428,6.0,Cancelled,3.0
KE-10646,CUST-5164,2025-01-11,Kisumu,FASHION,3034.0,COD,Smart Locker,Wells Fargo,14.24,447,4.0,Delivered,
KE-10647,CUST-5478,2025-10-16,Kisumu,Electronics,11810.0,COD,Home Delivery,Chui Lockers,9.0,525,3.0,Cancelled,
KE-10648,CUST-5264,2025-11-03,Nairobi,FASHION,7990.0,Credit/Debit Card,Home Delivery,Local Rider,32.63,450,4.0,Delivered,4.0
KE-10649,CUST-5159,2025-03-27,Nairobi County,Home & Living,24784.0,m-pesa,Pickup Station,Local Rider,24.97,253,7.0,Delayed,5.0
KE-10650,CUST-5389,2025-07-08,nairobi,Electronics,,Credit/Debit Card,Boda Boda Last-Mile,G4S,5.93,285,5.0,Delivered,4.0
KE-10651,CUST-5125,2025-08-21,Mombasa,Home & Living,2697.0,Credit/Debit Card,Boda Boda Last-Mile,Local Rider,19.0,687,6.0,Cancelled,5.0
KE-10652,CUST-5367,2025-07-27,kiambu,Health & Wellness,1693.0,Cash on Delivery,Boda Boda Last-Mile,Chui Lockers,13.22,472,999.0,Delayed,
KE-10653,CUST-5384,2025-03-17,Kajiado,Health & Wellness,8511.0,Cash on Delivery,Boda Boda Last-Mile,DHL,16.34,624,1.0,Returned,1.0
KE-10654,CUST-5151,2025-07-11,kiambu,Health & Wellness,20103.0,M-Pesa,Boda Boda Last-Mile,Sendy,12.4,668,1.0,Delivered,1.0
KE-10655,CUST-5012,2025-09-18,Nairobi,FASHION,15582.0,Credit/Debit Card,Boda Boda Last-Mile,Chui Lockers,15.23,711,5.0,Delivered,4.0
KE-10656,CUST-5169,2025-12-05,Machakos,Fashion & Apparel,6933.0,M-Pesa,Home Delivery,G4S,6.89,577,2.0,Delivered,1.0
KE-10657,CUST-5033,2025-03-25,Kisumu,Fashion & Apparel,5926.0,COD,Smart Locker,Local Rider,25.5,630,3.0,Returned,3.0
KE-10658,CUST-5323,2025-12-07,Machakos,Home & Living,9641.0,M-Pesa,Smart Locker,Wells Fargo,32.9,564,5.0,Delivered,2.0
KE-10659,CUST-5284,2025-04-25,Mombasa,Fashion & Apparel,23351.0,COD,Smart Locker,Sendy,8.56,217,1.0,Delivered,4.0
KE-10660,CUST-5242,2025-01-16,Mombasa ,Groceries,13487.0,Cash on Delivery,Pickup Station,Wells Fargo,5.66,535,1.0,Delivered,2.0
KE-10661,CUST-5276,2025-08-08,Kajiado,electrnics,"KSh 6,318",Cash on Delivery,Smart Locker,DHL,24.03,515,1.0,Delivered,1.0
KE-10662,CUST-5019,2025-10-26,Nairobi,Fashion & Apparel,13307.0,Cash on Delivery,Home Delivery,Local Rider,10.03,770,2.0,Delivered,4.0
KE-10663,CUST-5310,2025-04-25,Kiambu,Beauty,15327.0,COD,Pickup Station,Wells Fargo,23.35,622,2.0,Delivered,2.0
KE-10664,CUST-5055,2025-08-18,Mombasa ,Beauty,8339.0,Credit/Debit Card,Smart Locker,DHL,7.42,184,4.0,Delivered,3.0
KE-10665,CUST-5199,2025-04-06,kiambu,Health & Wellness,4854.0,Cash on Delivery,Pickup Station,Sendy,30.43,406,4.0,Delivered,2.0
KE-10666,CUST-5122,2025-09-20,Mombasa,Groceries,802.0,Cash on Delivery,Home Delivery,Chui Lockers,27.03,356,3.0,Returned,5.0
KE-10667,CUST-5140,2025-09-29,Uasin Gishu,Home & Living,24462.0,Credit/Debit Card,Boda Boda Last-Mile,Sendy,35kg,753,7.0,Delayed,4.0
KE-10668,CUST-5468,2025-11-08,Uasin Gishu,FASHION,21866.0,Credit/Debit Card,Smart Locker,Sendy,18.62,610,1.0,Delivered,5.0
KE-10669,CUST-5416,07/10/2025,Kajiado,Beauty,20168.0,Credit/Debit Card,Smart Locker,Sendy,29.95,548,3.0,Delivered,
KE-10670,CUST-5219,2025-02-10,,Fashion & Apparel,24453.0,COD,Boda Boda Last-Mile,G4S,25.55,445,5.0,Delivered,2.0
KE-10671,CUST-5447,04/03/2025,Mombasa,Health & Wellness,9349.0,M-Pesa,Boda Boda Last-Mile,Local Rider,4.36,434,3.0,Delayed,2.0
KE-10672,CUST-5279,2025-05-09,Uasin Gishu,Health & Wellness,2578.0,Credit/Debit Card,Smart Locker,Sendy,11.97,592,5.0,Delivered,2.0
KE-10673,CUST-5317,2025-11-23,Kajiado,Beauty,22029.0,COD,Smart Locker,G4S,31.51,0,999.0,Returned,3.0
KE-10674,CUST-5332,2025-06-23,Kiambu,Electronics,3644.0,m-pesa,Smart Locker,Sendy,21.91,474,5.0,Delivered,1.0
KE-10675,CUST-5480,2025-06-03,Kajiado,Groceries,9696.0,Credit/Debit Card,Boda Boda Last-Mile,Wells Fargo,25.88,176,3.0,Delivered,5.0
KE-10676,CUST-5308,2025-11-03,Nairobi County,Health & Wellness,4554.0,m-pesa,Smart Locker,Local Rider,26.44,231,5.0,Cancelled,3.0
KE-10677,CUST-5464,2025-10-10,kiambu,Electronics,14268.0,m-pesa,Home Delivery,Sendy,31.21,519,1.0,Cancelled,2.0
KE-10678,CUST-5041,2025-06-21,Uasin Gishu,Electronics,1051.0,Credit/Debit Card,Boda Boda Last-Mile,Sendy,23.88,740,7.0,Delivered,1.0
KE-10679,CUST-5220,2025-04-19,Nakuru,Fashion & Apparel,19858.0,Credit/Debit Card,Home Delivery,DHL,14.77,0,1.0,Delivered,
KE-10680,CUST-5065,2025-10-23,Nairobi County,Fashion & Apparel,1817.0,M-Pesa,Pickup Station,G4S,9.75,152,6.0,Delayed,1.0
KE-10681,CUST-5174,2025-04-16,Machakos,Health & Wellness,13971.0,m-pesa,Pickup Station,G4S,13.68,398,3.0,Delayed,4.0
KE-10682,CUST-5081,2025-02-01,Kajiado,FASHION,4118.0,COD,Boda Boda Last-Mile,Local Rider,2.38,460,4.0,Delayed,4.0
KE-10683,CUST-5138,2025-03-24,,Fashion & Apparel,13101.0,m-pesa,Smart Locker,Local Rider,8.99,678,6.0,Delivered,2.0
KE-10684,CUST-5460,2025-05-25,Machakos,Health & Wellness,17864.0,M-Pesa,Home Delivery,Wells Fargo,26.92,579,1.0,Returned,3.0
KE-10685,CUST-5369,2025-08-06,Uasin Gishu,Groceries,20212.0,Credit/Debit Card,Pickup Station,Wells Fargo,1.7,632,5.0,Cancelled,1.0
KE-10686,CUST-5353,2025-02-09,Mombasa,Electronics,14012.0,Credit/Debit Card,Pickup Station,G4S,25.86,0,1.0,Delivered,
KE-10687,CUST-5301,2025-08-19,Mombasa,Electronics,20105.0,M-Pesa,Smart Locker,Local Rider,5.93,156,4.0,Delayed,3.0
KE-10688,CUST-5051,2025-02-15,Uasin Gishu,Groceries,12194.0,M-Pesa,Home Delivery,DHL,9.71,310,1.0,Delivered,2.0
KE-10689,CUST-5067,2025-06-01,Mombasa,Electronics,24226.0,Cash on Delivery,Boda Boda Last-Mile,G4S,24.11,312,,Delivered,
KE-10690,CUST-5431,2025-08-04,Mombasa,Groceries,8012.0,Credit/Debit Card,Smart Locker,Chui Lockers,5.59,695,2.0,Cancelled,4.0
KE-10691,CUST-5142,2025-06-11,Kajiado,Health & Wellness,13797.0,M-Pesa,Home Delivery,DHL,4.52,696,1.0,Returned,5.0
KE-10692,CUST-5364,2025-03-11,Mombasa,Fashion & Apparel,17159.0,Credit/Debit Card,Smart Locker,Local Rider,18.86,490,7.0,Delivered,2.0
KE-10693,CUST-5411,2025-04-23,nairobi,Electronics,21270.0,m-pesa,Smart Locker,Sendy,35kg,177,6.0,Delivered,1.0
KE-10694,CUST-5165,2025-03-26,Uasin Gishu,Beauty,3719.0,M-Pesa,Home Delivery,DHL,5.33,538,7.0,Delivered,3.0
KE-10695,CUST-5081,2025-02-13,Machakos,Groceries,17612.0,Cash on Delivery,Home Delivery,Wells Fargo,13.34,595,,Delivered,2.0
KE-10696,CUST-5193,2025-06-26,Kajiado,Home & Living,12877.0,Cash on Delivery,Smart Locker,Wells Fargo,23.18,324,4.0,Delivered,
KE-10697,CUST-5240,2025-01-28,Uasin Gishu,Home & Living,-12135,Credit/Debit Card,Pickup Station,G4S,2.35,198,7.0,Delivered,5.0
KE-10698,CUST-5468,2025-09-28,Kajiado,Health & Wellness,18439.0,Credit/Debit Card,Pickup Station,Local Rider,22.71,398,1.0,Returned,3.0
KE-10699,CUST-5371,2025-03-29,Machakos,Groceries,1178.0,Cash on Delivery,Boda Boda Last-Mile,G4S,3.73,407,7.0,Returned,4.0
KE-10700,CUST-5080,2025-07-01,Mombasa ,Electronics,8006.0,m-pesa,Home Delivery,DHL,3.05,571,7.0,Cancelled,5.0
KE-10701,CUST-5469,2025-01-12,Kiambu,Beauty,6347.0,m-pesa,Home Delivery,DHL,24.12,208,3.0,Delivered,3.0
KE-10702,CUST-5099,2025-09-27,Kajiado,Beauty,5133.0,COD,Home Delivery,Local Rider,1.79,396,6.0,Delivered,4.0
KE-10703,CUST-5329,2025-06-15,kiambu,Beauty,3248.0,Cash on Delivery,Home Delivery,Chui Lockers,33.63,715,,Delivered,2.0
KE-10704,CUST-5420,2025-01-14,Nairobi County,Groceries,,COD,Boda Boda Last-Mile,Wells Fargo,25.55,760,6.0,Cancelled,
KE-10705,CUST-5109,2025-07-20,nairobi,Electronics,2823.0,Credit/Debit Card,Smart Locker,G4S,8.17,501,5.0,Delivered,2.0
KE-10706,CUST-5417,2025-03-22,Nakuru,Fashion & Apparel,11483.0,M-Pesa,Smart Locker,G4S,18.24,193,6.0,Delivered,4.0
KE-10707,CUST-5479,2025-07-22,Kajiado,Beauty,,M-Pesa,Home Delivery,Local Rider,30.98,557,1.0,Delayed,2.0
KE-10708,CUST-5350,2025-08-22,Mombasa,Fashion & Apparel,8823.0,Credit/Debit Card,Boda Boda Last-Mile,Local Rider,3.9,646,5.0,Delivered,5.0
KE-10709,CUST-5425,2025-05-16,Nairobi County,electrnics,17795.0,m-pesa,Pickup Station,Chui Lockers,1.71,533,1.0,Delayed,
KE-10710,CUST-5355,2025-01-10,Kiambu,Home & Living,,COD,Pickup Station,Chui Lockers,26.49,788,4.0,Delayed,
KE-10711,CUST-5151,2025-10-10,Kajiado,Beauty,15448.0,Cash on Delivery,Pickup Station,G4S,11.63,171,3.0,Delivered,2.0
KE-10712,CUST-5455,2025-04-08,Mombasa,Fashion & Apparel,14586.0,COD,Home Delivery,Local Rider,16.61,270,,Delayed,2.0
KE-10713,CUST-5383,2025-04-21,Kajiado,Home & Living,22459.0,Credit/Debit Card,Home Delivery,Wells Fargo,29.0,567,1.0,Cancelled,5.0
KE-10714,CUST-5222,,nairobi,Health & Wellness,22669.0,Credit/Debit Card,Boda Boda Last-Mile,Wells Fargo,14.3,0,4.0,Returned,2.0
KE-10715,CUST-5392,2025-04-08,Kiambu,Health & Wellness,6792.0,Credit/Debit Card,Smart Locker,Local Rider,9.59,180,2.0,Delivered,
KE-10716,CUST-5436,2025-09-21,kiambu,Electronics,13187.0,Credit/Debit Card,Home Delivery,Sendy,33.09,207,3.0,Delivered,
KE-10717,CUST-5164,2025-01-28,Machakos,Health & Wellness,15026.0,Cash on Delivery,Smart Locker,Wells Fargo,0.69,603,4.0,Delayed,2.0
KE-10718,CUST-5371,2025-07-26,nairobi,electrnics,3516.0,COD,Home Delivery,G4S,19.83,218,3.0,Returned,5.0
KE-10719,CUST-5134,2025-02-04,Kisumu,Fashion & Apparel,10795.0,COD,Home Delivery,Chui Lockers,0.47,318,,Delivered,2.0
KE-10720,CUST-5384,2025-08-05,Machakos,Groceries,19290.0,COD,Smart Locker,Wells Fargo,9.33,322,3.0,Delivered,5.0
KE-10721,CUST-5022,2025-02-18,Nairobi,Fashion & Apparel,3829.0,COD,Boda Boda Last-Mile,DHL,18.02,0,2.0,Cancelled,5.0
KE-10722,CUST-5423,2025-04-04,Nakuru,Groceries,18395.0,Credit/Debit Card,Boda Boda Last-Mile,G4S,30.63,267,2.0,Delayed,1.0
KE-10723,CUST-5173,2025-04-28,,Health & Wellness,18345.0,M-Pesa,Home Delivery,Chui Lockers,30.15,564,7.0,Delivered,1.0
KE-10724,CUST-5192,2025-10-04,nairobi,Beauty,22581.0,,Smart Locker,Local Rider,34.61,421,2.0,Delivered,1.0
KE-10725,CUST-5292,2025-03-13,Kisumu,Electronics,18006.0,Credit/Debit Card,Home Delivery,G4S,4.53,488,5.0,Cancelled,4.0
KE-10726,CUST-5499,2025-11-03,Mombasa ,FASHION,11566.0,M-Pesa,Smart Locker,Wells Fargo,15.87,618,7.0,Delayed,1.0
KE-10727,CUST-5182,2025-04-02,Kisumu,Fashion & Apparel,22019.0,COD,Home Delivery,DHL,22.01,656,4.0,Cancelled,5.0
KE-10728,CUST-5468,2025-08-12,nairobi,Fashion & Apparel,19400.0,Credit/Debit Card,Home Delivery,Chui Lockers,22.56,393,,Delivered,4.0
KE-10729,CUST-5195,2025-11-14,Nairobi,Electronics,18252.0,Cash on Delivery,Boda Boda Last-Mile,Chui Lockers,20.82,511,5.0,Returned,2.0
KE-10730,CUST-5349,2025-09-30,kiambu,Fashion & Apparel,6875.0,M-Pesa,Pickup Station,Wells Fargo,2.88,485,7.0,Delayed,2.0
KE-10731,CUST-5467,2025-06-25,nairobi,Home & Living,23260.0,Cash on Delivery,Home Delivery,Local Rider,24.9,176,4.0,Cancelled,3.0
KE-10732,CUST-5008,2025-11-09,Machakos,FASHION,6862.0,Credit/Debit Card,Home Delivery,Sendy,31.99,0,5.0,Delivered,3.0
KE-10733,CUST-5406,2025-01-20,kiambu,FASHION,4023.0,m-pesa,Pickup Station,Chui Lockers,16.71,687,7.0,Delivered,1.0
KE-10734,CUST-5491,2025-11-14,Kajiado,Health & Wellness,"KSh 3,355",Cash on Delivery,Boda Boda Last-Mile,Local Rider,18.57,755,5.0,Delivered,4.0
KE-10735,CUST-5003,2025-05-20,Nakuru,Health & Wellness,13679.0,COD,Smart Locker,Local Rider,17.77,610,3.0,Delayed,
KE-10736,CUST-5172,2025-09-19,Machakos,Beauty,19778.0,Credit/Debit Card,Pickup Station,Wells Fargo,33.53,234,,Delivered,1.0
KE-10737,CUST-5021,2025-03-21,Mombasa,Fashion & Apparel,8247.0,M-Pesa,Smart Locker,Sendy,7.37,0,2.0,Returned,2.0
KE-10738,CUST-5349,2025-02-21,Nakuru,Groceries,20814.0,m-pesa,Boda Boda Last-Mile,DHL,33.24,303,2.0,Returned,
KE-10739,CUST-5085,2025-07-08,Nairobi County,Health & Wellness,23685.0,m-pesa,Pickup Station,G4S,21.27,157,5.0,Delivered,1.0
KE-10740,CUST-5266,2025-05-06,Mombasa,Groceries,17949.0,M-Pesa,Pickup Station,G4S,31.5,478,3.0,Delivered,4.0
KE-10741,CUST-5079,2025-10-20,Uasin Gishu,Health & Wellness,22447.0,m-pesa,Boda Boda Last-Mile,Sendy,19.27,600,6.0,Returned,2.0
KE-10742,CUST-5101,2025-08-15,Uasin Gishu,Fashion & Apparel,1459.0,Credit/Debit Card,Pickup Station,DHL,14.48,253,7.0,Delivered,
KE-10743,CUST-5155,2025-05-01,nairobi,FASHION,8512.0,Cash on Delivery,Smart Locker,Wells Fargo,14.68,624,4.0,Delivered,2.0
KE-10744,CUST-5482,2025-01-11,Mombasa ,Health & Wellness,23945.0,Credit/Debit Card,Pickup Station,Local Rider,6.18,206,6.0,Cancelled,4.0
KE-10745,CUST-5368,2025-02-27,Kiambu,Home & Living,17504.0,M-Pesa,Smart Locker,Chui Lockers,25.55,205,2.0,Cancelled,4.0
KE-10746,CUST-5310,2025-12-18,Nakuru,Groceries,7400.0,Credit/Debit Card,Pickup Station,DHL,18.77,191,3.0,Delayed,
KE-10747,CUST-5041,2025-10-21,Nairobi County,FASHION,5841.0,,Pickup Station,DHL,20.24,750,6.0,Delayed,3.0
KE-10748,CUST-5334,2025-09-19,Mombasa,Home & Living,15904.0,Credit/Debit Card,Pickup Station,Chui Lockers,1.79,305,2.0,Returned,4.0
KE-10749,CUST-5209,2025-08-27,Nairobi County,Beauty,4298.0,m-pesa,Home Delivery,Chui Lockers,4.85,691,2.0,Returned,2.0
KE-10750,CUST-5018,2025-05-31,Kiambu,Electronics,15420.0,Credit/Debit Card,Smart Locker,G4S,3.61,721,6.0,Delivered,5.0
KE-10751,CUST-5340,2025-06-17,Mombasa ,Electronics,19879.0,Cash on Delivery,Home Delivery,DHL,35kg,369,5.0,Returned,5.0
KE-10752,CUST-5254,2025-01-09,Kisumu,FASHION,12264.0,m-pesa,Home Delivery,Wells Fargo,32.96,0,4.0,Delivered,5.0
KE-10753,CUST-5082,2025-09-03,Nairobi,Home & Living,24054.0,,Pickup Station,G4S,4.51,259,3.0,Returned,
KE-10754,CUST-5328,2025-01-04,Mombasa ,Electronics,20689.0,Credit/Debit Card,Boda Boda Last-Mile,Wells Fargo,14.87,787,4.0,Delivered,3.0
KE-10755,CUST-5145,2025-08-06,Mombasa ,Electronics,-8728,M-Pesa,Home Delivery,Local Rider,4.38,572,1.0,Delivered,4.0
KE-10756,CUST-5082,2025-08-05,Nakuru,Beauty,15172.0,M-Pesa,Home Delivery,Chui Lockers,3.05,568,2.0,Delivered,1.0
KE-10757,CUST-5496,2025-01-25,Nakuru,Groceries,,Credit/Debit Card,Smart Locker,Local Rider,30.09,607,4.0,Delivered,1.0
KE-10758,CUST-5287,2025-01-03,Mombasa,Fashion & Apparel,14900.0,COD,Home Delivery,Wells Fargo,20.52,291,999.0,Delivered,3.0
KE-10759,CUST-5206,2025-08-01,Kiambu,Electronics,4316.0,M-Pesa,Home Delivery,Sendy,26.24,391,5.0,Returned,
KE-10760,CUST-5323,23/12/2025,Mombasa,Beauty,"KSh 6,140",Credit/Debit Card,Home Delivery,Local Rider,10.49,658,4.0,Delayed,
KE-10761,CUST-5114,2025-11-28,Kisumu,Health & Wellness,20258.0,COD,Pickup Station,G4S,17.02,646,3.0,Delivered,4.0
KE-10762,CUST-5093,2025-04-18,Machakos,FASHION,,Cash on Delivery,Boda Boda Last-Mile,DHL,4.97,202,7.0,Delivered,1.0
KE-10763,CUST-5210,2025-01-29,,Health & Wellness,9003.0,M-Pesa,Boda Boda Last-Mile,G4S,31.42,605,6.0,Cancelled,3.0
KE-10764,CUST-5475,2025-12-05,Nairobi County,Groceries,10465.0,Cash on Delivery,Pickup Station,Local Rider,34.4,532,1.0,Delivered,3.0
KE-10765,CUST-5276,2025-01-24,Machakos,Health & Wellness,6690.0,M-Pesa,Home Delivery,G4S,17.93,754,2.0,Cancelled,2.0
KE-10766,CUST-5237,2025-07-20,Kisumu,Electronics,19795.0,M-Pesa,Boda Boda Last-Mile,Sendy,12.48,715,2.0,Returned,5.0
KE-10767,CUST-5285,2025-04-25,Nairobi County,Groceries,22082.0,M-Pesa,Boda Boda Last-Mile,DHL,22.42,535,2.0,Delayed,1.0
KE-10768,CUST-5136,2025-08-20,,Home & Living,13146.0,m-pesa,Boda Boda Last-Mile,Wells Fargo,19.04,664,7.0,Delayed,5.0
KE-10769,CUST-5356,2025-09-14,kiambu,FASHION,5459.0,Credit/Debit Card,Home Delivery,Local Rider,29.17,225,7.0,Returned,2.0
KE-10770,CUST-5183,2025-12-05,nairobi,Health & Wellness,13849.0,M-Pesa,Pickup Station,Sendy,32.15,673,3.0,Delivered,3.0
KE-10771,CUST-5464,2025-05-23,Mombasa ,Electronics,"KSh 21,808",m-pesa,Smart Locker,Sendy,27.59,214,6.0,Returned,1.0
KE-10772,CUST-5395,2025-09-22,Nakuru,Home & Living,,COD,Pickup Station,Sendy,9.58,573,1.0,Cancelled,2.0
KE-10773,CUST-5470,2025-07-21,Nakuru,Beauty,8658.0,Credit/Debit Card,Boda Boda Last-Mile,Local Rider,11.0,242,5.0,Returned,1.0
KE-10774,CUST-5056,2025-03-05,Machakos,Health & Wellness,16155.0,M-Pesa,Home Delivery,Chui Lockers,2.84,213,5.0,Delayed,2.0
KE-10775,CUST-5215,2025-06-10,Machakos,Home & Living,11236.0,,Smart Locker,G4S,10.53,406,3.0,Returned,3.0
KE-10776,CUST-5402,2025-10-13,kiambu,Health & Wellness,"KSh 5,802",Cash on Delivery,Smart Locker,Chui Lockers,26.49,179,7.0,Delivered,2.0
KE-10777,CUST-5400,2025-09-17,nairobi,Health & Wellness,13752.0,m-pesa,Smart Locker,DHL,10.19,797,5.0,Delivered,
KE-10778,CUST-5477,2025-12-12,Nairobi County,FASHION,15308.0,COD,Pickup Station,Wells Fargo,21.5,256,3.0,Delivered,5.0
KE-10779,CUST-5417,2025-05-09,kiambu,Electronics,"KSh 18,091",COD,Boda Boda Last-Mile,Chui Lockers,24.91,280,1.0,Delivered,4.0
KE-10780,CUST-5476,2025-01-07,nairobi,Groceries,5877.0,M-Pesa,Home Delivery,G4S,18.55,640,4.0,Delayed,5.0
KE-10781,CUST-5024,2025-08-25,Machakos,FASHION,6228.0,m-pesa,Smart Locker,Wells Fargo,27.91,0,6.0,Returned,3.0
KE-10782,CUST-5146,2025-11-30,Mombasa,Electronics,6842.0,Credit/Debit Card,Boda Boda Last-Mile,DHL,32.91,236,7.0,Returned,3.0
KE-10783,CUST-5330,2025-11-25,nairobi,Health & Wellness,18158.0,COD,Home Delivery,DHL,19.05,218,4.0,Delivered,3.0
KE-10784,CUST-5365,2025-11-22,Mombasa,Home & Living,5245.0,m-pesa,Home Delivery,Sendy,30.04,799,5.0,Delayed,4.0
KE-10785,CUST-5258,2025-05-27,kiambu,Fashion & Apparel,8835.0,COD,Pickup Station,Local Rider,30.78,636,2.0,Delivered,1.0
KE-10786,CUST-5328,2025-12-18,Kajiado,Fashion & Apparel,4541.0,Cash on Delivery,Boda Boda Last-Mile,Local Rider,19.92,750,7.0,Returned,5.0
KE-10787,CUST-5031,2025-06-06,Uasin Gishu,Health & Wellness,9486.0,,Home Delivery,DHL,34.53,540,2.0,Cancelled,
KE-10788,CUST-5115,2025-10-31,Mombasa,Electronics,4193.0,COD,Pickup Station,Local Rider,7.43,677,6.0,Delivered,2.0
KE-10788,CUST-5062,23/01/2025,Mombasa,electrnics,23164.0,M-Pesa,Boda Boda Last-Mile,DHL,35kg,235,2.0,Delivered,1.0
KE-10790,CUST-5469,2025-05-01,Kiambu,Beauty,19821.0,COD,Pickup Station,G4S,11.09,752,,Delivered,
KE-10791,CUST-5395,2025-01-09,,Health & Wellness,11294.0,M-Pesa,Home Delivery,Chui Lockers,15.21,549,1.0,Delayed,3.0
KE-10792,CUST-5153,2025-02-14,Mombasa,Electronics,18248.0,Credit/Debit Card,Boda Boda Last-Mile,Sendy,35kg,725,4.0,Cancelled,2.0
KE-10793,CUST-5193,2025-10-01,kiambu,Home & Living,1005.0,Credit/Debit Card,Home Delivery,Chui Lockers,18.57,646,1.0,Cancelled,4.0
KE-10794,CUST-5092,2025-07-05,Kisumu,Electronics,8257.0,Cash on Delivery,Pickup Station,Chui Lockers,0.61,716,7.0,Delivered,2.0
KE-10795,CUST-5481,2025-02-07,Nakuru,Electronics,15472.0,COD,Pickup Station,Sendy,3.47,714,1.0,Delivered,4.0
KE-10796,CUST-5136,2025-04-01,Kisumu,Home & Living,2249.0,Cash on Delivery,Smart Locker,Wells Fargo,32.08,716,3.0,Delivered,3.0
KE-10797,CUST-5222,2025-09-16,nairobi,Health & Wellness,-501,M-Pesa,Boda Boda Last-Mile,G4S,32.39,569,1.0,Delivered,3.0
KE-10798,CUST-5433,2025-08-29,Nakuru,Beauty,"KSh 9,674",M-Pesa,Pickup Station,G4S,24.14,396,4.0,Cancelled,3.0
KE-10799,CUST-5003,2025-09-04,Nakuru,Health & Wellness,,m-pesa,Home Delivery,DHL,3.11,232,1.0,Delayed,1.0
KE-10800,CUST-5420,2025-10-19,Kisumu,Groceries,"KSh 22,798",COD,Home Delivery,Local Rider,20.13,485,2.0,Cancelled,5.0
KE-10801,CUST-5239,2025-07-31,kiambu,Home & Living,15973.0,Credit/Debit Card,Pickup Station,Chui Lockers,7.16,701,7.0,Delivered,3.0
KE-10802,CUST-5023,2025-03-20,Uasin Gishu,Beauty,15844.0,Cash on Delivery,Pickup Station,Wells Fargo,30.51,692,7.0,Delivered,
KE-10803,CUST-5219,2025-08-18,Kajiado,FASHION,16994.0,m-pesa,Smart Locker,Chui Lockers,32.03,488,4.0,Returned,1.0
KE-10804,CUST-5201,2025-07-04,Nairobi County,Groceries,18999.0,Credit/Debit Card,Smart Locker,Sendy,1.58,466,6.0,Delivered,1.0
KE-10805,CUST-5486,2025-02-12,Nakuru,Electronics,"KSh 23,001",Cash on Delivery,Boda Boda Last-Mile,DHL,13.68,331,1.0,Delivered,3.0
KE-10806,CUST-5418,2025-05-18,nairobi,Electronics,6471.0,Credit/Debit Card,Home Delivery,Sendy,5.61,201,1.0,Delivered,3.0
KE-10807,CUST-5494,2025-12-02,Kisumu,Home & Living,14854.0,COD,Pickup Station,Chui Lockers,20.86,512,5.0,Delivered,
KE-10808,CUST-5384,2025-02-03,Mombasa ,Home & Living,-10463,Credit/Debit Card,Smart Locker,Wells Fargo,4.5,369,5.0,Delivered,1.0
KE-10809,CUST-5036,2025-10-05,Nairobi County,Beauty,20664.0,Cash on Delivery,Pickup Station,Wells Fargo,24.04,196,1.0,Delayed,5.0
KE-10810,CUST-5481,,Nairobi,Groceries,18440.0,COD,Pickup Station,Chui Lockers,17.58,278,2.0,Delivered,3.0
KE-10811,CUST-5297,2025-12-24,,Groceries,12852.0,M-Pesa,Smart Locker,Sendy,2.64,538,2.0,Delivered,4.0
KE-10812,CUST-5275,2025-05-11,nairobi,Home & Living,5397.0,M-Pesa,Home Delivery,Local Rider,1.49,581,,Cancelled,5.0
KE-10813,CUST-5467,2025-07-31,nairobi,Electronics,13364.0,M-Pesa,Smart Locker,Chui Lockers,11.76,726,5.0,Delivered,1.0
KE-10814,CUST-5087,2025-10-31,Mombasa ,Electronics,8373.0,M-Pesa,Pickup Station,Chui Lockers,13.01,229,4.0,Delivered,1.0
KE-10815,CUST-5464,2025-08-16,nairobi,Health & Wellness,6428.0,Credit/Debit Card,Pickup Station,Sendy,12.4,277,4.0,Cancelled,1.0
KE-10816,CUST-5222,2025-02-24,Mombasa,FASHION,3172.0,COD,Boda Boda Last-Mile,G4S,24.67,719,6.0,Delivered,2.0
KE-10817,CUST-5245,2025-10-01,Mombasa,Groceries,5565.0,Credit/Debit Card,Smart Locker,Sendy,23.04,291,,Delivered,5.0
KE-10818,CUST-5109,2025-11-11,Mombasa,Fashion & Apparel,3405.0,m-pesa,Home Delivery,Sendy,14.81,518,,Delivered,
KE-10819,CUST-5321,2025-01-07,Nairobi,Beauty,7676.0,Cash on Delivery,Pickup Station,DHL,30.67,0,7.0,Delayed,3.0
KE-10820,CUST-5453,2025-01-25,Nairobi,Health & Wellness,23937.0,COD,Boda Boda Last-Mile,Local Rider,3.45,285,6.0,Cancelled,1.0
KE-10821,CUST-5212,2025-12-16,Kajiado,FASHION,"KSh 20,426",m-pesa,Pickup Station,Sendy,35kg,403,6.0,Cancelled,4.0
KE-10822,CUST-5200,2025-03-25,Mombasa,Groceries,16919.0,COD,Boda Boda Last-Mile,Chui Lockers,33.4,191,6.0,Cancelled,5.0
KE-10823,CUST-5411,2025-07-21,Uasin Gishu,Health & Wellness,10346.0,m-pesa,Pickup Station,DHL,7.94,158,5.0,Delivered,2.0
KE-10824,CUST-5197,2025-03-10,Nairobi County,Fashion & Apparel,13965.0,Credit/Debit Card,Smart Locker,DHL,5.38,675,1.0,Cancelled,
KE-10825,CUST-5316,2025-02-20,nairobi,Beauty,23805.0,Cash on Delivery,Smart Locker,G4S,31.07,438,2.0,Delivered,5.0
KE-10826,CUST-5120,2025-04-26,Nairobi,Fashion & Apparel,23647.0,,Smart Locker,Wells Fargo,30.24,549,5.0,Delayed,4.0
KE-10827,CUST-5300,2025-12-31,Mombasa ,Beauty,7032.0,COD,Smart Locker,Chui Lockers,13.59,664,7.0,Delivered,2.0
KE-10828,CUST-5040,2025-04-01,Nakuru,Electronics,20761.0,Cash on Delivery,Boda Boda Last-Mile,Local Rider,5.08,530,4.0,Delivered,2.0
KE-10829,CUST-5006,2025-08-21,Mombasa,Beauty,4388.0,Cash on Delivery,Smart Locker,DHL,19.1,311,7.0,Delivered,2.0
KE-10830,CUST-5367,2025-01-29,Machakos,Fashion & Apparel,22804.0,M-Pesa,Smart Locker,G4S,5.06,527,4.0,Delivered,3.0
KE-10831,CUST-5080,2025-04-18,Mombasa ,Fashion & Apparel,17063.0,COD,Boda Boda Last-Mile,G4S,22.53,175,4.0,Delivered,2.0
KE-10832,CUST-5463,2025-08-16,kiambu,FASHION,6889.0,M-Pesa,Smart Locker,G4S,28.5,0,3.0,Delivered,1.0
KE-10833,CUST-5012,2025-03-19,Kajiado,FASHION,15675.0,M-Pesa,Pickup Station,Local Rider,24.26,372,5.0,Delayed,2.0
KE-10834,CUST-5465,2025-01-18,Uasin Gishu,Beauty,13304.0,m-pesa,Boda Boda Last-Mile,G4S,12.1,780,7.0,Delivered,2.0
KE-10835,CUST-5086,2025-03-19,Kisumu,Home & Living,17611.0,COD,Pickup Station,Wells Fargo,7.97,587,3.0,Delivered,1.0
KE-10836,CUST-5282,2025-08-24,Uasin Gishu,Electronics,5690.0,M-Pesa,Pickup Station,Chui Lockers,3.58,716,5.0,Delivered,
KE-10837,CUST-5045,2025-09-10,kiambu,Health & Wellness,8963.0,Cash on Delivery,Pickup Station,G4S,34.38,295,6.0,Cancelled,3.0
KE-10838,CUST-5129,2025-03-20,Kajiado,Beauty,22956.0,Cash on Delivery,Boda Boda Last-Mile,G4S,28.75,495,6.0,Returned,
KE-10839,CUST-5245,2025-05-06,Nakuru,Groceries,,Cash on Delivery,Smart Locker,Sendy,22.9,163,1.0,Delayed,
KE-10840,CUST-5029,2025-09-18,Mombasa,Beauty,12472.0,COD,Smart Locker,Wells Fargo,19.95,791,3.0,Delivered,1.0
KE-10841,CUST-5039,2025-10-17,Kiambu,Electronics,22471.0,m-pesa,Boda Boda Last-Mile,Local Rider,17.43,211,,Delivered,4.0
KE-10842,CUST-5499,2025-03-23,Machakos,Fashion & Apparel,3442.0,m-pesa,Boda Boda Last-Mile,Local Rider,14.18,614,5.0,Delivered,2.0
KE-10843,CUST-5218,2025-09-09,Uasin Gishu,Fashion & Apparel,21865.0,Cash on Delivery,Boda Boda Last-Mile,DHL,19.11,362,6.0,Returned,3.0
KE-10844,CUST-5103,2025-03-01,kiambu,Fashion & Apparel,17293.0,m-pesa,Pickup Station,Sendy,5.63,510,7.0,Delivered,3.0
KE-10845,CUST-5288,2025-11-24,,electrnics,14290.0,Credit/Debit Card,Boda Boda Last-Mile,Chui Lockers,14.09,757,3.0,Delivered,4.0
KE-10846,CUST-5455,2025-06-27,Mombasa ,Electronics,8504.0,M-Pesa,Boda Boda Last-Mile,Wells Fargo,19.82,625,1.0,Delivered,2.0
KE-10847,CUST-5291,2025-12-23,Nairobi,Home & Living,760.0,m-pesa,Pickup Station,Chui Lockers,10.56,471,5.0,Cancelled,3.0
KE-10848,CUST-5313,2025-07-21,Machakos,FASHION,9076.0,m-pesa,Smart Locker,Sendy,27.73,274,5.0,Delivered,
KE-10849,CUST-5483,2025-05-13,Mombasa,FASHION,"KSh 9,144",Credit/Debit Card,Pickup Station,Sendy,20.81,281,4.0,Cancelled,
KE-10850,CUST-5418,2025-09-30,Uasin Gishu,FASHION,-5667,Credit/Debit Card,Home Delivery,DHL,6.15,194,3.0,Delivered,3.0
KE-10851,CUST-5322,2025-12-30,Kisumu,Fashion & Apparel,"KSh 4,617",M-Pesa,Smart Locker,Local Rider,15.21,215,5.0,Delivered,2.0
KE-10852,CUST-5459,2025-07-02,Mombasa,Groceries,13393.0,m-pesa,Smart Locker,DHL,23.75,152,4.0,Cancelled,5.0
KE-10853,CUST-5111,2025-02-05,Mombasa ,Beauty,13210.0,Credit/Debit Card,Pickup Station,Wells Fargo,31.17,567,,Delivered,2.0
KE-10854,CUST-5158,2025-08-23,Mombasa,Electronics,22234.0,COD,Home Delivery,Sendy,19.37,471,2.0,Cancelled,1.0
KE-10855,CUST-5078,2025-12-01,Kisumu,FASHION,9134.0,Cash on Delivery,Pickup Station,Local Rider,27.81,198,7.0,Delayed,4.0
KE-10856,CUST-5173,2025-04-03,nairobi,Fashion & Apparel,5523.0,m-pesa,Home Delivery,G4S,35kg,172,3.0,Returned,
KE-10857,CUST-5062,2025-12-10,Kiambu,Electronics,14487.0,Cash on Delivery,Home Delivery,G4S,9.8,207,2.0,Cancelled,3.0
KE-10858,CUST-5417,2025-09-07,Mombasa ,Health & Wellness,4663.0,Credit/Debit Card,Home Delivery,Sendy,15.95,317,2.0,Delivered,4.0
KE-10859,CUST-5416,2025-07-31,Nakuru,Health & Wellness,16106.0,Cash on Delivery,Pickup Station,Wells Fargo,1.85,704,7.0,Returned,4.0
KE-10860,CUST-5322,2025-03-17,Nairobi County,FASHION,19667.0,Credit/Debit Card,Smart Locker,Local Rider,25.39,403,6.0,Delivered,2.0
KE-10861,CUST-5051,2025-03-08,Nairobi County,Home & Living,23335.0,Credit/Debit Card,Home Delivery,Chui Lockers,29.94,646,1.0,Cancelled,2.0
KE-10862,CUST-5180,2025-02-23,Mombasa ,Fashion & Apparel,24591.0,m-pesa,Boda Boda Last-Mile,Chui Lockers,26.22,720,2.0,Delivered,2.0
KE-10863,CUST-5057,2025-07-12,Machakos,Home & Living,13033.0,M-Pesa,Pickup Station,G4S,34.17,603,999.0,Cancelled,5.0
KE-10864,CUST-5255,2025-09-18,Nairobi,Electronics,838.0,Credit/Debit Card,Home Delivery,Local Rider,26.84,608,5.0,Delayed,
KE-10865,CUST-5336,2025-04-18,Kajiado,Fashion & Apparel,15322.0,m-pesa,Pickup Station,Sendy,14.7,507,2.0,Returned,3.0
KE-10866,CUST-5293,2025-03-22,Nairobi County,Health & Wellness,13951.0,Credit/Debit Card,Boda Boda Last-Mile,G4S,16.27,307,2.0,Returned,2.0
KE-10867,CUST-5021,2025-08-09,Mombasa ,Electronics,18562.0,m-pesa,Home Delivery,Sendy,9.61,379,2.0,Delivered,2.0
KE-10868,CUST-5048,2025-03-30,Mombasa ,Electronics,18139.0,COD,Smart Locker,Sendy,3.73,693,5.0,Delivered,2.0
KE-10869,CUST-5428,,kiambu,Home & Living,16812.0,Cash on Delivery,Boda Boda Last-Mile,DHL,14.12,558,7.0,Returned,2.0
KE-10870,CUST-5111,2025-06-01,nairobi,Groceries,6366.0,M-Pesa,Pickup Station,Local Rider,8.93,265,4.0,Cancelled,
KE-10871,CUST-5443,2025-02-27,Kisumu,Health & Wellness,20469.0,Credit/Debit Card,Pickup Station,Local Rider,24.47,0,2.0,Delivered,
KE-10872,CUST-5352,2025-03-28,Kiambu,Beauty,11531.0,M-Pesa,Home Delivery,Wells Fargo,28.36,692,5.0,Cancelled,
KE-10873,CUST-5082,2025-08-02,Machakos,Health & Wellness,2454.0,COD,Pickup Station,G4S,6.29,361,5.0,Delivered,2.0
KE-10874,CUST-5417,2025-09-05,Nakuru,Electronics,18271.0,m-pesa,Home Delivery,G4S,15.25,0,1.0,Delivered,2.0
KE-10875,CUST-5460,2025-04-26,Machakos,Home & Living,7833.0,M-Pesa,Smart Locker,DHL,32.83,170,4.0,Delivered,4.0
KE-10876,CUST-5386,2025-11-19,,Home & Living,21936.0,m-pesa,Boda Boda Last-Mile,Chui Lockers,4.18,263,5.0,Returned,2.0
KE-10877,CUST-5277,2025-12-21,nairobi,Electronics,24482.0,COD,Pickup Station,Local Rider,30.46,246,4.0,Cancelled,5.0
KE-10878,CUST-5456,2025-03-25,Mombasa ,Beauty,15060.0,,Smart Locker,DHL,16.68,571,3.0,Cancelled,4.0
KE-10879,CUST-5248,2025-01-12,Uasin Gishu,Beauty,8852.0,Cash on Delivery,Home Delivery,Local Rider,6.85,666,1.0,Delayed,5.0
KE-10880,CUST-5483,2025-11-19,Uasin Gishu,Home & Living,,Cash on Delivery,Pickup Station,DHL,22.44,160,2.0,Delivered,2.0
KE-10881,CUST-5204,2025-03-13,kiambu,Home & Living,1092.0,Cash on Delivery,Home Delivery,G4S,0.12,736,7.0,Delayed,3.0
KE-10882,CUST-5341,2025-10-04,Kajiado,Health & Wellness,3972.0,M-Pesa,Boda Boda Last-Mile,Wells Fargo,32.04,0,3.0,Delayed,1.0
KE-10883,CUST-5303,2025-11-02,Kiambu,Electronics,19024.0,Cash on Delivery,Home Delivery,Local Rider,26.66,169,5.0,Returned,1.0
KE-10884,CUST-5015,2025-02-27,Kiambu,Electronics,9392.0,m-pesa,Home Delivery,Chui Lockers,16.99,582,4.0,Delivered,1.0
KE-10885,CUST-5193,2025-03-14,Kiambu,Home & Living,16152.0,m-pesa,Pickup Station,Sendy,21.35,370,6.0,Delivered,3.0
KE-10886,CUST-5255,2025-06-07,Nakuru,Health & Wellness,20071.0,m-pesa,Smart Locker,Sendy,17.17,290,6.0,Returned,5.0
KE-10887,CUST-5028,2025-01-02,Machakos,Electronics,2727.0,m-pesa,Boda Boda Last-Mile,Chui Lockers,5.58,698,6.0,Delivered,
KE-10888,CUST-5345,2025-06-14,Uasin Gishu,Fashion & Apparel,11846.0,M-Pesa,Smart Locker,Chui Lockers,12.95,218,1.0,Delivered,3.0
KE-10889,CUST-5306,2025-02-17,Mombasa ,Health & Wellness,7539.0,Credit/Debit Card,Smart Locker,Sendy,29.18,271,3.0,Delayed,2.0
KE-10890,CUST-5133,2025-05-29,Nairobi,Groceries,1492.0,M-Pesa,Home Delivery,DHL,7.12,683,,Delayed,5.0
KE-10891,CUST-5273,2025-03-31,Kiambu,Groceries,"KSh 6,932",Credit/Debit Card,Smart Locker,DHL,2.28,605,4.0,Delivered,
KE-10892,CUST-5115,2025-09-05,Nairobi,Home & Living,12173.0,COD,Boda Boda Last-Mile,Chui Lockers,26.01,756,5.0,Delivered,2.0
KE-10893,CUST-5416,2025-07-22,Mombasa ,Beauty,9084.0,Credit/Debit Card,Home Delivery,DHL,1.39,759,,Delivered,
KE-10894,CUST-5362,2025-06-24,Nakuru,Beauty,9920.0,Credit/Debit Card,Smart Locker,Local Rider,26.31,779,5.0,Delivered,4.0
KE-10895,CUST-5168,2025-11-22,Nakuru,Home & Living,19909.0,Credit/Debit Card,Home Delivery,G4S,10.54,773,4.0,Delivered,5.0
KE-10896,CUST-5270,2025-06-03,Kiambu,Health & Wellness,7253.0,COD,Home Delivery,Sendy,6.46,180,5.0,Cancelled,1.0
KE-10897,CUST-5396,2025-02-11,Kisumu,Electronics,,Credit/Debit Card,Pickup Station,Sendy,15.64,529,5.0,Cancelled,2.0
KE-10898,CUST-5113,2025-07-11,Kiambu,Home & Living,24155.0,Cash on Delivery,Boda Boda Last-Mile,Sendy,26.14,739,5.0,Cancelled,2.0
KE-10899,CUST-5436,2025-10-21,Machakos,FASHION,24207.0,Cash on Delivery,Home Delivery,Local Rider,25.13,485,2.0,Delivered,4.0
KE-10900,CUST-5035,2025-06-25,Nakuru,Groceries,5082.0,Credit/Debit Card,Boda Boda Last-Mile,Local Rider,8.66,783,1.0,Delayed,1.0
KE-10901,CUST-5187,2025-11-21,Mombasa,FASHION,12806.0,Cash on Delivery,Home Delivery,Sendy,13.36,0,2.0,Delayed,4.0
KE-10902,CUST-5093,,nairobi,Groceries,-21804,m-pesa,Home Delivery,Chui Lockers,28.27,572,1.0,Delivered,
KE-10903,CUST-5456,2025-04-15,Machakos,Groceries,1904.0,Credit/Debit Card,Pickup Station,Chui Lockers,35kg,296,2.0,Cancelled,1.0
KE-10904,CUST-5134,2025-11-21,Nairobi County,Home & Living,10887.0,Credit/Debit Card,Boda Boda Last-Mile,Chui Lockers,14.13,771,6.0,Delivered,5.0
KE-10905,CUST-5274,2025-05-23,Mombasa ,Health & Wellness,4166.0,Cash on Delivery,Boda Boda Last-Mile,G4S,29.62,422,1.0,Cancelled,5.0
KE-10906,CUST-5061,2025-02-24,Mombasa ,Health & Wellness,7155.0,Credit/Debit Card,Boda Boda Last-Mile,G4S,19.24,517,2.0,Delivered,4.0
KE-10907,CUST-5230,2025-01-08,,Electronics,4193.0,COD,Pickup Station,Local Rider,4.56,420,1.0,Delivered,2.0
KE-10908,CUST-5457,2025-02-13,Kiambu,electrnics,9658.0,Credit/Debit Card,Smart Locker,Sendy,19.82,530,2.0,Delivered,5.0
KE-10909,CUST-5247,2026-01-01,Machakos,Fashion & Apparel,18325.0,Credit/Debit Card,Boda Boda Last-Mile,Wells Fargo,30.31,359,3.0,Delivered,2.0
KE-10910,CUST-5094,,Kajiado,Fashion & Apparel,3766.0,m-pesa,Boda Boda Last-Mile,Sendy,24.1,0,5.0,Delivered,1.0
KE-10911,CUST-5478,2025-03-19,Kiambu,Fashion & Apparel,14069.0,COD,Home Delivery,Sendy,11.93,0,1.0,Cancelled,1.0
KE-10912,CUST-5013,2025-08-25,Mombasa,Electronics,6125.0,COD,Boda Boda Last-Mile,Sendy,22.96,340,7.0,Returned,3.0
KE-10913,CUST-5380,2025-07-28,Nairobi County,Home & Living,-2741,Cash on Delivery,Boda Boda Last-Mile,Sendy,34.42,380,3.0,Delivered,2.0
KE-10914,CUST-5184,2025-03-15,nairobi,Fashion & Apparel,9343.0,M-Pesa,Smart Locker,DHL,28.83,635,4.0,Delivered,4.0
KE-10915,CUST-5328,2025-11-17,nairobi,Electronics,,m-pesa,Smart Locker,DHL,12.63,264,2.0,Delivered,3.0
KE-10916,CUST-5489,2025-10-02,nairobi,Home & Living,23539.0,COD,Boda Boda Last-Mile,Local Rider,23.64,624,1.0,Delivered,3.0
KE-10917,CUST-5233,,Kajiado,Health & Wellness,3402.0,Cash on Delivery,Pickup Station,Sendy,15.36,563,6.0,Delivered,4.0
KE-10918,CUST-5311,2025-11-17,Kiambu,FASHION,17207.0,Credit/Debit Card,Pickup Station,Local Rider,33.79,430,,Delivered,2.0
KE-10919,CUST-5102,2025-09-09,Nairobi,electrnics,-7320,,Boda Boda Last-Mile,G4S,27.79,562,,Cancelled,5.0
KE-10920,CUST-5292,2025-10-18,Nairobi County,Electronics,3525.0,m-pesa,Boda Boda Last-Mile,G4S,32.69,745,7.0,Returned,5.0
KE-10921,CUST-5022,,Kajiado,Home & Living,3193.0,COD,Boda Boda Last-Mile,G4S,35kg,761,5.0,Delivered,4.0
KE-10922,CUST-5060,2025-02-19,Kisumu,Electronics,3290.0,Cash on Delivery,Smart Locker,Local Rider,5.04,466,1.0,Returned,1.0
KE-10923,CUST-5035,2025-07-05,Mombasa ,Electronics,12790.0,Credit/Debit Card,Smart Locker,Chui Lockers,15.17,204,5.0,Returned,1.0
KE-10924,CUST-5414,2025-03-13,Nairobi County,Fashion & Apparel,21884.0,Cash on Delivery,Pickup Station,Chui Lockers,5.01,662,4.0,Delivered,4.0
KE-10925,CUST-5116,2025-07-03,Mombasa ,Fashion & Apparel,"KSh 15,390",Cash on Delivery,Home Delivery,Local Rider,33.27,489,1.0,Returned,2.0
KE-10926,CUST-5402,2025-11-20,Nairobi,Health & Wellness,4249.0,m-pesa,Boda Boda Last-Mile,Chui Lockers,0.92,725,,Returned,
KE-10927,CUST-5464,2025-03-31,Uasin Gishu,Beauty,11996.0,Credit/Debit Card,Home Delivery,Chui Lockers,25.77,482,7.0,Delivered,3.0
KE-10928,CUST-5195,2025-01-24,nairobi,Groceries,7668.0,M-Pesa,Home Delivery,Wells Fargo,8.36,790,6.0,Delivered,2.0
KE-10929,CUST-5179,2025-10-13,kiambu,Fashion & Apparel,3827.0,m-pesa,Home Delivery,Local Rider,13.78,546,6.0,Delivered,3.0
KE-10930,CUST-5039,2025-11-15,kiambu,Groceries,9333.0,M-Pesa,Home Delivery,DHL,35kg,572,1.0,Cancelled,4.0
KE-10931,CUST-5154,2025-03-16,Mombasa ,FASHION,24291.0,m-pesa,Pickup Station,Sendy,11.84,408,7.0,Cancelled,2.0
KE-10932,CUST-5008,2025-07-24,Mombasa ,Electronics,3812.0,Credit/Debit Card,Pickup Station,Chui Lockers,8.79,589,2.0,Delivered,5.0
KE-10933,CUST-5447,2025-09-15,Nakuru,Home & Living,"KSh 18,091",COD,Home Delivery,Wells Fargo,29.65,194,2.0,Delivered,
KE-10934,CUST-5383,2025-05-23,Mombasa,Electronics,2169.0,M-Pesa,Pickup Station,Chui Lockers,5.07,667,1.0,Returned,2.0
KE-10935,CUST-5053,2025-11-01,Uasin Gishu,Electronics,"KSh 9,544",M-Pesa,Boda Boda Last-Mile,Sendy,8.5,658,5.0,Cancelled,4.0
KE-10936,CUST-5023,2025-02-23,nairobi,FASHION,20712.0,Cash on Delivery,Smart Locker,DHL,16.39,523,6.0,Delayed,3.0
KE-10937,CUST-5114,2025-06-22,Nairobi,Fashion & Apparel,22651.0,COD,Boda Boda Last-Mile,Local Rider,26.64,629,,Returned,5.0
KE-10938,CUST-5056,2025-11-12,nairobi,Beauty,19770.0,M-Pesa,Boda Boda Last-Mile,Wells Fargo,29.33,579,,Delivered,5.0
KE-10939,CUST-5007,2025-12-11,Kiambu,Home & Living,6061.0,m-pesa,Boda Boda Last-Mile,G4S,5.76,550,7.0,Delayed,5.0
KE-10940,CUST-5180,2025-08-22,Nairobi,Groceries,12182.0,Credit/Debit Card,Smart Locker,DHL,26.23,295,1.0,Delivered,2.0
KE-10941,CUST-5198,,Nairobi,FASHION,21759.0,Cash on Delivery,Home Delivery,Local Rider,18.88,290,7.0,Delivered,1.0
KE-10942,CUST-5154,2025-02-24,Nairobi County,FASHION,2035.0,COD,Boda Boda Last-Mile,DHL,10.25,400,7.0,Delivered,3.0
KE-10943,CUST-5281,2025-02-16,Nairobi County,FASHION,14282.0,Credit/Debit Card,Home Delivery,Wells Fargo,16.59,478,7.0,Delivered,4.0
KE-10944,CUST-5464,2025-09-10,Mombasa,Health & Wellness,17103.0,M-Pesa,Boda Boda Last-Mile,G4S,8.03,307,3.0,Delivered,3.0
KE-10945,CUST-5216,2025-08-25,Nairobi County,Electronics,2503.0,Cash on Delivery,Boda Boda Last-Mile,Local Rider,34.82,642,1.0,Delivered,2.0
KE-10946,CUST-5271,2025-01-09,Mombasa ,Health & Wellness,11127.0,m-pesa,Smart Locker,Wells Fargo,26.99,690,2.0,Cancelled,3.0
KE-10947,CUST-5023,2025-08-18,Nairobi,Groceries,5212.0,m-pesa,Pickup Station,DHL,19.24,637,2.0,Cancelled,4.0
KE-10948,CUST-5369,2025-09-16,kiambu,Beauty,9126.0,Credit/Debit Card,Pickup Station,Sendy,24.32,390,3.0,Cancelled,2.0
KE-10949,CUST-5242,2025-04-13,Kiambu,Groceries,8933.0,Cash on Delivery,Home Delivery,DHL,16.63,624,3.0,Delivered,5.0
KE-10950,CUST-5360,2025-01-15,Mombasa ,Fashion & Apparel,13687.0,m-pesa,Pickup Station,G4S,33.03,255,1.0,Returned,4.0
KE-10951,CUST-5218,2025-11-07,kiambu,Health & Wellness,20710.0,Credit/Debit Card,Pickup Station,Sendy,13.18,585,1.0,Delivered,2.0
KE-10952,CUST-5015,2025-04-03,Uasin Gishu,Electronics,9220.0,M-Pesa,Home Delivery,Sendy,15.83,169,7.0,Delivered,4.0
KE-10953,CUST-5454,2025-01-21,Nairobi,Fashion & Apparel,14041.0,COD,Home Delivery,Chui Lockers,5.68,604,,Delivered,5.0
KE-10954,CUST-5016,2025-07-23,Nairobi,FASHION,20578.0,Credit/Debit Card,Pickup Station,G4S,16.22,655,7.0,Delivered,4.0
KE-10955,CUST-5113,2025-06-28,Uasin Gishu,Electronics,14604.0,m-pesa,Pickup Station,Local Rider,22.59,360,3.0,Delivered,1.0
KE-10956,CUST-5231,2025-01-01,Mombasa ,Groceries,,M-Pesa,Home Delivery,Local Rider,33.6,0,2.0,Delivered,2.0
KE-10957,CUST-5317,2025-01-17,Nairobi,Fashion & Apparel,11919.0,m-pesa,Home Delivery,Sendy,5.47,489,1.0,Delivered,3.0
KE-10958,CUST-5145,2025-06-18,Nairobi,Groceries,18666.0,Credit/Debit Card,Pickup Station,G4S,30.64,402,2.0,Cancelled,1.0
KE-10959,CUST-5177,2025-10-16,Machakos,Fashion & Apparel,9329.0,M-Pesa,Smart Locker,Local Rider,13.81,776,2.0,Delivered,4.0
KE-10960,CUST-5205,2025-04-12,Uasin Gishu,Fashion & Apparel,987.0,M-Pesa,Boda Boda Last-Mile,Wells Fargo,21.81,750,4.0,Delivered,4.0
KE-10961,CUST-5190,2025-04-29,kiambu,FASHION,5452.0,Cash on Delivery,Pickup Station,DHL,0.99,273,,Cancelled,2.0
KE-10962,CUST-5337,2025-09-30,nairobi,Fashion & Apparel,3969.0,,Home Delivery,Wells Fargo,7.42,252,1.0,Delivered,5.0
KE-10963,CUST-5435,2025-08-15,Machakos,Groceries,4656.0,m-pesa,Pickup Station,DHL,28.67,479,5.0,Returned,1.0
KE-10964,CUST-5154,2025-10-05,Kisumu,Health & Wellness,7347.0,Credit/Debit Card,Home Delivery,Wells Fargo,30.55,319,6.0,Delayed,3.0
KE-10965,CUST-5029,2025-09-24,Kiambu,Home & Living,24709.0,COD,Boda Boda Last-Mile,G4S,14.22,670,4.0,Delivered,3.0
KE-10966,CUST-5156,2025-04-21,Kiambu,Electronics,13338.0,,Home Delivery,Local Rider,6.5,800,7.0,Delivered,5.0
KE-10967,CUST-5210,2025-04-07,nairobi,Electronics,6055.0,Cash on Delivery,Pickup Station,Local Rider,35kg,577,,Delayed,4.0
KE-10968,CUST-5000,2025-05-15,Nairobi,FASHION,6565.0,M-Pesa,Home Delivery,Sendy,25.83,374,7.0,Delivered,2.0
KE-10969,CUST-5152,2025-08-26,Mombasa,Electronics,14258.0,COD,Smart Locker,Chui Lockers,9.91,578,1.0,Delivered,4.0
KE-10970,CUST-5144,2025-04-22,,Home & Living,15672.0,COD,Pickup Station,DHL,3.99,352,999.0,Cancelled,3.0
KE-10971,CUST-5144,2025-12-31,nairobi,Beauty,11934.0,m-pesa,Boda Boda Last-Mile,Chui Lockers,23.08,520,4.0,Delayed,
KE-10972,CUST-5106,2025-05-09,Nairobi,Groceries,16011.0,,Home Delivery,Chui Lockers,21.73,326,2.0,Cancelled,2.0
KE-10973,CUST-5227,2025-06-07,Kisumu,FASHION,11485.0,Cash on Delivery,Home Delivery,G4S,12.63,698,2.0,Delayed,5.0
KE-10974,CUST-5290,2025-01-22,Mombasa,Beauty,,Cash on Delivery,Smart Locker,DHL,31.01,424,4.0,Cancelled,5.0
KE-10975,CUST-5008,2025-01-17,Nakuru,Beauty,10485.0,M-Pesa,Boda Boda Last-Mile,Local Rider,33.47,432,1.0,Cancelled,4.0
KE-10976,CUST-5431,2025-11-30,kiambu,Groceries,4804.0,Credit/Debit Card,Home Delivery,Wells Fargo,23.1,239,7.0,Delivered,1.0
KE-10977,CUST-5076,2025-08-20,Uasin Gishu,Electronics,10594.0,Credit/Debit Card,Smart Locker,G4S,12.78,0,1.0,Delivered,4.0
KE-10978,CUST-5303,2025-09-18,Kisumu,Beauty,13756.0,Credit/Debit Card,Pickup Station,DHL,6.5,636,6.0,Delivered,5.0
KE-10979,CUST-5231,2025-09-18,Mombasa,FASHION,2029.0,m-pesa,Pickup Station,DHL,18.07,665,4.0,Returned,3.0
KE-10980,CUST-5434,2025-01-12,Uasin Gishu,Health & Wellness,15422.0,M-Pesa,Boda Boda Last-Mile,DHL,35kg,550,7.0,Delivered,5.0
KE-10981,CUST-5476,13/12/2025,Mombasa,Home & Living,17177.0,Credit/Debit Card,Boda Boda Last-Mile,Sendy,19.71,480,7.0,Delayed,1.0
KE-10982,CUST-5234,2025-01-04,Mombasa ,Fashion & Apparel,10066.0,Credit/Debit Card,Pickup Station,Sendy,23.64,484,,Delivered,3.0
KE-10983,CUST-5396,2025-10-17,Nairobi,Home & Living,20715.0,Cash on Delivery,Pickup Station,Wells Fargo,8.2,434,2.0,Returned,
KE-10984,CUST-5420,2025-02-08,kiambu,Health & Wellness,13160.0,m-pesa,Smart Locker,DHL,18.52,203,6.0,Cancelled,
KE-10985,CUST-5336,2025-03-14,Nairobi County,Fashion & Apparel,2019.0,m-pesa,Smart Locker,Sendy,15.67,181,5.0,Delivered,4.0
KE-10986,CUST-5081,2025-07-25,kiambu,Beauty,10198.0,M-Pesa,Home Delivery,Chui Lockers,5.24,743,5.0,Returned,3.0
KE-10987,CUST-5045,08/02/2025,Uasin Gishu,Beauty,13111.0,COD,Home Delivery,Local Rider,35kg,789,1.0,Delayed,2.0
KE-10988,CUST-5344,2025-05-16,Uasin Gishu,Beauty,8792.0,COD,Home Delivery,G4S,0.48,296,6.0,Cancelled,1.0
KE-10989,CUST-5299,2025-02-16,Mombasa,electrnics,18565.0,M-Pesa,Boda Boda Last-Mile,DHL,35kg,450,3.0,Returned,3.0
KE-10990,CUST-5021,2025-06-30,kiambu,Health & Wellness,17958.0,Cash on Delivery,Pickup Station,Chui Lockers,28.96,672,1.0,Delayed,4.0
KE-10991,CUST-5127,2025-09-23,kiambu,Fashion & Apparel,8063.0,Credit/Debit Card,Boda Boda Last-Mile,Wells Fargo,20.53,745,7.0,Returned,2.0
KE-10992,CUST-5069,2025-01-26,Nakuru,Fashion & Apparel,-18970,COD,Boda Boda Last-Mile,Local Rider,20.46,503,5.0,Returned,2.0
KE-10993,CUST-5301,2025-11-05,Mombasa,Health & Wellness,16145.0,COD,Pickup Station,Wells Fargo,32.08,458,3.0,Delivered,5.0
KE-10994,CUST-5416,2025-05-07,Nakuru,Health & Wellness,,M-Pesa,Home Delivery,DHL,34.26,558,5.0,Delivered,
KE-10995,CUST-5333,2025-12-05,Mombasa ,Home & Living,10347.0,COD,Boda Boda Last-Mile,G4S,1.26,595,7.0,Returned,
KE-10996,CUST-5481,2025-12-24,Kiambu,Beauty,2322.0,M-Pesa,Boda Boda Last-Mile,Chui Lockers,15.04,254,3.0,Delivered,5.0
KE-10997,CUST-5481,2025-10-07,Nairobi,Health & Wellness,-17996,COD,Pickup Station,DHL,32.74,568,5.0,Delayed,2.0
KE-10998,CUST-5387,2025-11-30,Mombasa ,Electronics,10571.0,m-pesa,Pickup Station,Chui Lockers,23.15,564,1.0,Returned,2.0
KE-10999,CUST-5037,2025-09-12,Mombasa,Health & Wellness,22233.0,Credit/Debit Card,Home Delivery,Local Rider,7.02,365,2.0,Delivered,3.0
KE-11000,CUST-5140,2025-08-18,Mombasa ,Electronics,18015.0,M-Pesa,Home Delivery,DHL,29.31,228,5.0,Delivered,
